Transaction_ID,Customer_ID,Customer_Name,Roll_No,Timestamp,Category,Merchant,Amount_INR,Channel,Class
TXN_NARESH_0001,cust_naresh,K. Naresh,23R91A05F3,2026-06-05 14:24:00,Utilities,Jio 5G Annual Fiber & Recharge,1304.99,UPI_PhonePe,0
TXN_NARESH_0002,cust_naresh,K. Naresh,23R91A05F3,2026-06-05 16:25:00,Mess & Meals,College Hostel Mess & Catering Hub,964.54,UPI_PhonePe,0
TXN_NARESH_0003,cust_naresh,K. Naresh,23R91A05F3,2026-06-05 19:52:00,Healthcare,Apollo Pharmacy & Healthcare Store,846.31,ATM_Cash,0
TXN_NARESH_0004,cust_naresh,K. Naresh,23R91A05F3,2026-06-05 21:17:00,College Activities,College Fest Stage & Sound Supplies,3840.27,UPI_PhonePe,0
TXN_NARESH_0005,cust_naresh,K. Naresh,23R91A05F3,2026-06-05 22:42:00,Transit,TSRTC Express Bus Pass & Travel,1394.19,UPI_PhonePe,0
TXN_NARESH_0006,cust_naresh,K. Naresh,23R91A05F3,2026-06-06 04:11:00,Entertainment,Prasad IMAX Hyderabad Multiplex,1338.31,UPI_Paytm,0
TXN_NARESH_0007,cust_naresh,K. Naresh,23R91A05F3,2026-06-06 05:05:00,Groceries,Zepto 10-Min Supermarket Supplies,874.26,Debit_Card,0
TXN_NARESH_0008,cust_naresh,K. Naresh,23R91A05F3,2026-06-06 09:45:00,Transit,TSRTC Express Bus Pass & Travel,1005.23,UPI_PhonePe,0
TXN_NARESH_0009,cust_naresh,K. Naresh,23R91A05F3,2026-06-06 10:30:00,Utilities,Jio 5G Annual Fiber & Recharge,2339.51,UPI_Paytm,0
TXN_NARESH_0010,cust_naresh,K. Naresh,23R91A05F3,2026-06-06 13:23:00,Healthcare,Apollo Pharmacy & Healthcare Store,1529.52,Debit_Card,0
TXN_NARESH_0011,cust_naresh,K. Naresh,23R91A05F3,2026-06-06 15:39:00,Entertainment,Prasad IMAX Hyderabad Multiplex,1156.06,UPI_PhonePe,0
TXN_NARESH_0012,cust_naresh,K. Naresh,23R91A05F3,2026-06-06 16:37:00,Utilities,Jio 5G Annual Fiber & Recharge,1116.29,UPI_PhonePe,0
TXN_NARESH_0013,cust_naresh,K. Naresh,23R91A05F3,2026-06-06 18:24:00,College Activities,College Fest Stage & Sound Supplies,1691.69,UPI_PhonePe,0
TXN_NARESH_0014,cust_naresh,K. Naresh,23R91A05F3,2026-06-06 23:36:00,Sports & Fitness,Decathlon Sports India Hyderabad,1178.23,Debit_Card,0
TXN_NARESH_0015,cust_naresh,K. Naresh,23R91A05F3,2026-06-07 00:47:00,Entertainment,Prasad IMAX Hyderabad Multiplex,822.61,UPI_PhonePe,0
TXN_NARESH_0016,cust_naresh,K. Naresh,23R91A05F3,2026-06-07 06:15:00,Transit,TSRTC Express Bus Pass & Travel,700.5,UPI_PhonePe,0
TXN_NARESH_0017,cust_naresh,K. Naresh,23R91A05F3,2026-06-07 07:23:00,Groceries,Zepto 10-Min Supermarket Supplies,1072.7,UPI_Paytm,0
TXN_NARESH_0018,cust_naresh,K. Naresh,23R91A05F3,2026-06-07 08:46:00,Sports & Fitness,Decathlon Sports India Hyderabad,2059.24,UPI_Paytm,0
TXN_NARESH_0019,cust_naresh,K. Naresh,23R91A05F3,2026-06-07 08:48:00,Mess & Meals,College Hostel Mess & Catering Hub,536.05,UPI_PhonePe,0
TXN_NARESH_0020,cust_naresh,K. Naresh,23R91A05F3,2026-06-07 18:34:00,Transit,TSRTC Express Bus Pass & Travel,1421.69,UPI_Paytm,0
TXN_NARESH_0021,cust_naresh,K. Naresh,23R91A05F3,2026-06-07 18:52:00,Transit,TSRTC Express Bus Pass & Travel,1448.19,UPI_PhonePe,0
TXN_NARESH_0022,cust_naresh,K. Naresh,23R91A05F3,2026-06-07 19:04:00,Sports & Fitness,Decathlon Sports India Hyderabad,1006.39,UPI_PhonePe,0
TXN_NARESH_0023,cust_naresh,K. Naresh,23R91A05F3,2026-06-07 19:12:00,Utilities,Jio 5G Annual Fiber & Recharge,1480.42,UPI_Paytm,0
TXN_NARESH_0024,cust_naresh,K. Naresh,23R91A05F3,2026-06-07 20:56:00,Utilities,Jio 5G Annual Fiber & Recharge,1708.88,Debit_Card,0
TXN_NARESH_0025,cust_naresh,K. Naresh,23R91A05F3,2026-06-07 23:01:00,Sports & Fitness,Decathlon Sports India Hyderabad,689.7,UPI_PhonePe,0
TXN_NARESH_0026,cust_naresh,K. Naresh,23R91A05F3,2026-06-07 23:21:00,Mess & Meals,College Hostel Mess & Catering Hub,1176.5,Debit_Card,0
TXN_NARESH_0027,cust_naresh,K. Naresh,23R91A05F3,2026-06-07 23:59:00,Entertainment,Prasad IMAX Hyderabad Multiplex,709.15,UPI_Paytm,0
TXN_NARESH_0028,cust_naresh,K. Naresh,23R91A05F3,2026-06-08 00:47:00,Healthcare,Apollo Pharmacy & Healthcare Store,1029.6,UPI_PhonePe,0
TXN_NARESH_0029,cust_naresh,K. Naresh,23R91A05F3,2026-06-08 04:00:00,Groceries,Zepto 10-Min Supermarket Supplies,1293.82,UPI_Paytm,0
TXN_NARESH_0030,cust_naresh,K. Naresh,23R91A05F3,2026-06-08 08:16:00,Mess & Meals,College Hostel Mess & Catering Hub,1953.78,UPI_PhonePe,0
TXN_NARESH_0031,cust_naresh,K. Naresh,23R91A05F3,2026-06-08 10:45:00,College Activities,College Fest Stage & Sound Supplies,1373.11,ATM_Cash,0
TXN_NARESH_0032,cust_naresh,K. Naresh,23R91A05F3,2026-06-08 17:35:00,Utilities,Jio 5G Annual Fiber & Recharge,443.59,Debit_Card,0
TXN_NARESH_0033,cust_naresh,K. Naresh,23R91A05F3,2026-06-08 23:40:00,Groceries,Zepto 10-Min Supermarket Supplies,1017.77,UPI_PhonePe,0
TXN_NARESH_0034,cust_naresh,K. Naresh,23R91A05F3,2026-06-08 23:51:00,College Activities,College Fest Stage & Sound Supplies,790.48,UPI_PhonePe,0
TXN_NARESH_0035,cust_naresh,K. Naresh,23R91A05F3,2026-06-09 00:10:00,College Activities,College Fest Stage & Sound Supplies,1290.46,UPI_PhonePe,0
TXN_NARESH_0036,cust_naresh,K. Naresh,23R91A05F3,2026-06-09 02:47:00,Healthcare,Apollo Pharmacy & Healthcare Store,1406.23,UPI_PhonePe,0
TXN_NARESH_0037,cust_naresh,K. Naresh,23R91A05F3,2026-06-09 05:20:00,College Activities,College Fest Stage & Sound Supplies,3769.0,UPI_PhonePe,0
TXN_NARESH_0038,cust_naresh,K. Naresh,23R91A05F3,2026-06-09 06:22:00,College Activities,College Fest Stage & Sound Supplies,2037.66,UPI_PhonePe,0
TXN_NARESH_0039,cust_naresh,K. Naresh,23R91A05F3,2026-06-09 09:27:00,Mess & Meals,College Hostel Mess & Catering Hub,1460.13,UPI_Paytm,0
TXN_NARESH_0040,cust_naresh,K. Naresh,23R91A05F3,2026-06-09 10:03:00,Groceries,Zepto 10-Min Supermarket Supplies,1177.07,UPI_PhonePe,0
TXN_NARESH_0041,cust_naresh,K. Naresh,23R91A05F3,2026-06-09 10:11:00,Entertainment,Prasad IMAX Hyderabad Multiplex,1522.02,Debit_Card,0
TXN_NARESH_0042,cust_naresh,K. Naresh,23R91A05F3,2026-06-09 12:41:00,Mess & Meals,College Hostel Mess & Catering Hub,627.74,Debit_Card,0
TXN_NARESH_0043,cust_naresh,K. Naresh,23R91A05F3,2026-06-09 13:57:00,Entertainment,Prasad IMAX Hyderabad Multiplex,1364.06,UPI_PhonePe,0
TXN_NARESH_0044,cust_naresh,K. Naresh,23R91A05F3,2026-06-09 14:01:00,Utilities,Jio 5G Annual Fiber & Recharge,2016.86,Debit_Card,0
TXN_NARESH_0045,cust_naresh,K. Naresh,23R91A05F3,2026-06-09 15:01:00,Sports & Fitness,Decathlon Sports India Hyderabad,469.48,UPI_PhonePe,0
TXN_NARESH_0046,cust_naresh,K. Naresh,23R91A05F3,2026-06-09 18:42:00,Sports & Fitness,Decathlon Sports India Hyderabad,2483.98,UPI_PhonePe,0
TXN_NARESH_0047,cust_naresh,K. Naresh,23R91A05F3,2026-06-09 20:40:00,Entertainment,Prasad IMAX Hyderabad Multiplex,1162.67,UPI_Paytm,0
TXN_NARESH_0048,cust_naresh,K. Naresh,23R91A05F3,2026-06-09 21:30:00,Groceries,Zepto 10-Min Supermarket Supplies,1886.9,UPI_PhonePe,0
TXN_NARESH_0049,cust_naresh,K. Naresh,23R91A05F3,2026-06-10 01:00:00,Suspicious Wire,CRYPTO_CASINO_TRX_MALTA,25849.28,UPI_Paytm,1
TXN_NARESH_0050,cust_naresh,K. Naresh,23R91A05F3,2026-06-10 02:25:00,Utilities,Jio 5G Annual Fiber & Recharge,945.25,Debit_Card,0
TXN_NARESH_0051,cust_naresh,K. Naresh,23R91A05F3,2026-06-10 06:45:00,College Activities,College Fest Stage & Sound Supplies,954.25,ATM_Cash,0
TXN_NARESH_0052,cust_naresh,K. Naresh,23R91A05F3,2026-06-10 07:20:00,Groceries,Zepto 10-Min Supermarket Supplies,1395.01,UPI_Paytm,0
TXN_NARESH_0053,cust_naresh,K. Naresh,23R91A05F3,2026-06-10 10:19:00,Healthcare,Apollo Pharmacy & Healthcare Store,1837.87,UPI_Paytm,0
TXN_NARESH_0054,cust_naresh,K. Naresh,23R91A05F3,2026-06-10 13:30:00,Healthcare,Apollo Pharmacy & Healthcare Store,1030.4,UPI_PhonePe,0
TXN_NARESH_0055,cust_naresh,K. Naresh,23R91A05F3,2026-06-10 14:35:00,College Activities,College Fest Stage & Sound Supplies,2483.39,UPI_PhonePe,0
TXN_NARESH_0056,cust_naresh,K. Naresh,23R91A05F3,2026-06-10 20:09:00,Healthcare,Apollo Pharmacy & Healthcare Store,946.27,UPI_Paytm,0
TXN_NARESH_0057,cust_naresh,K. Naresh,23R91A05F3,2026-06-11 00:43:00,Sports & Fitness,Decathlon Sports India Hyderabad,1687.88,UPI_PhonePe,0
TXN_NARESH_0058,cust_naresh,K. Naresh,23R91A05F3,2026-06-11 06:34:00,Entertainment,Prasad IMAX Hyderabad Multiplex,1352.97,UPI_PhonePe,0
TXN_NARESH_0059,cust_naresh,K. Naresh,23R91A05F3,2026-06-11 06:45:00,College Activities,College Fest Stage & Sound Supplies,1150.29,UPI_PhonePe,0
TXN_NARESH_0060,cust_naresh,K. Naresh,23R91A05F3,2026-06-11 12:07:00,Sports & Fitness,Decathlon Sports India Hyderabad,885.21,UPI_Paytm,0
TXN_NARESH_0061,cust_naresh,K. Naresh,23R91A05F3,2026-06-11 13:46:00,Transit,TSRTC Express Bus Pass & Travel,2225.54,UPI_PhonePe,0
TXN_NARESH_0062,cust_naresh,K. Naresh,23R91A05F3,2026-06-11 16:10:00,Sports & Fitness,Decathlon Sports India Hyderabad,2600.12,UPI_Paytm,0
TXN_NARESH_0063,cust_naresh,K. Naresh,23R91A05F3,2026-06-11 17:11:00,College Activities,College Fest Stage & Sound Supplies,2088.82,UPI_PhonePe,0
TXN_NARESH_0064,cust_naresh,K. Naresh,23R91A05F3,2026-06-11 17:33:00,Healthcare,Apollo Pharmacy & Healthcare Store,591.52,UPI_PhonePe,0
TXN_NARESH_0065,cust_naresh,K. Naresh,23R91A05F3,2026-06-11 22:42:00,Mess & Meals,College Hostel Mess & Catering Hub,1496.13,UPI_PhonePe,0
TXN_NARESH_0066,cust_naresh,K. Naresh,23R91A05F3,2026-06-11 23:55:00,Mess & Meals,College Hostel Mess & Catering Hub,1714.75,UPI_PhonePe,0
TXN_NARESH_0067,cust_naresh,K. Naresh,23R91A05F3,2026-06-12 00:56:00,Utilities,Jio 5G Annual Fiber & Recharge,771.74,Debit_Card,0
TXN_NARESH_0068,cust_naresh,K. Naresh,23R91A05F3,2026-06-12 03:50:00,Utilities,Jio 5G Annual Fiber & Recharge,860.01,UPI_PhonePe,0
TXN_NARESH_0069,cust_naresh,K. Naresh,23R91A05F3,2026-06-12 06:14:00,Mess & Meals,College Hostel Mess & Catering Hub,2410.52,UPI_PhonePe,0
TXN_NARESH_0070,cust_naresh,K. Naresh,23R91A05F3,2026-06-12 09:25:00,Entertainment,Prasad IMAX Hyderabad Multiplex,687.5,UPI_Paytm,0
TXN_NARESH_0071,cust_naresh,K. Naresh,23R91A05F3,2026-06-12 13:14:00,Groceries,Zepto 10-Min Supermarket Supplies,2206.07,UPI_PhonePe,0
TXN_NARESH_0072,cust_naresh,K. Naresh,23R91A05F3,2026-06-12 19:46:00,College Activities,College Fest Stage & Sound Supplies,744.18,UPI_PhonePe,0
TXN_NARESH_0073,cust_naresh,K. Naresh,23R91A05F3,2026-06-12 22:51:00,Utilities,Jio 5G Annual Fiber & Recharge,974.87,UPI_PhonePe,0
TXN_NARESH_0074,cust_naresh,K. Naresh,23R91A05F3,2026-06-13 08:26:00,Utilities,Jio 5G Annual Fiber & Recharge,1016.48,ATM_Cash,0
TXN_NARESH_0075,cust_naresh,K. Naresh,23R91A05F3,2026-06-13 13:36:00,College Activities,College Fest Stage & Sound Supplies,1034.35,UPI_Paytm,0
TXN_NARESH_0076,cust_naresh,K. Naresh,23R91A05F3,2026-06-13 19:43:00,Utilities,Jio 5G Annual Fiber & Recharge,3133.85,UPI_PhonePe,0
TXN_NARESH_0077,cust_naresh,K. Naresh,23R91A05F3,2026-06-14 02:12:00,College Activities,College Fest Stage & Sound Supplies,702.02,UPI_PhonePe,0
TXN_NARESH_0078,cust_naresh,K. Naresh,23R91A05F3,2026-06-14 03:38:00,College Activities,College Fest Stage & Sound Supplies,1214.7,UPI_PhonePe,0
TXN_NARESH_0079,cust_naresh,K. Naresh,23R91A05F3,2026-06-14 05:51:00,Utilities,Jio 5G Annual Fiber & Recharge,1099.99,UPI_PhonePe,0
TXN_NARESH_0080,cust_naresh,K. Naresh,23R91A05F3,2026-06-14 06:04:00,Entertainment,Prasad IMAX Hyderabad Multiplex,1473.18,UPI_Paytm,0
TXN_NARESH_0081,cust_naresh,K. Naresh,23R91A05F3,2026-06-14 07:51:00,Transit,TSRTC Express Bus Pass & Travel,817.67,Debit_Card,0
TXN_NARESH_0082,cust_naresh,K. Naresh,23R91A05F3,2026-06-14 23:52:00,Entertainment,Prasad IMAX Hyderabad Multiplex,1185.54,UPI_PhonePe,0
TXN_NARESH_0083,cust_naresh,K. Naresh,23R91A05F3,2026-06-15 10:32:00,College Activities,College Fest Stage & Sound Supplies,1260.82,Debit_Card,0
TXN_NARESH_0084,cust_naresh,K. Naresh,23R91A05F3,2026-06-15 12:32:00,Mess & Meals,College Hostel Mess & Catering Hub,1548.27,UPI_PhonePe,0
TXN_NARESH_0085,cust_naresh,K. Naresh,23R91A05F3,2026-06-15 15:38:00,Healthcare,Apollo Pharmacy & Healthcare Store,2054.49,UPI_PhonePe,0
TXN_NARESH_0086,cust_naresh,K. Naresh,23R91A05F3,2026-06-15 16:24:00,Healthcare,Apollo Pharmacy & Healthcare Store,926.1,UPI_PhonePe,0
TXN_NARESH_0087,cust_naresh,K. Naresh,23R91A05F3,2026-06-16 04:58:00,Groceries,Zepto 10-Min Supermarket Supplies,3434.78,UPI_PhonePe,0
TXN_NARESH_0088,cust_naresh,K. Naresh,23R91A05F3,2026-06-16 05:50:00,Entertainment,Prasad IMAX Hyderabad Multiplex,1920.32,Debit_Card,0
TXN_NARESH_0089,cust_naresh,K. Naresh,23R91A05F3,2026-06-16 06:02:00,Healthcare,Apollo Pharmacy & Healthcare Store,869.54,UPI_PhonePe,0
TXN_NARESH_0090,cust_naresh,K. Naresh,23R91A05F3,2026-06-16 06:37:00,Transit,TSRTC Express Bus Pass & Travel,1768.55,UPI_PhonePe,0
TXN_NARESH_0091,cust_naresh,K. Naresh,23R91A05F3,2026-06-16 12:30:00,Healthcare,Apollo Pharmacy & Healthcare Store,1239.0,ATM_Cash,0
TXN_NARESH_0092,cust_naresh,K. Naresh,23R91A05F3,2026-06-16 14:14:00,Groceries,Zepto 10-Min Supermarket Supplies,837.57,Debit_Card,0
TXN_NARESH_0093,cust_naresh,K. Naresh,23R91A05F3,2026-06-16 21:02:00,College Activities,College Fest Stage & Sound Supplies,2124.18,UPI_Paytm,0
TXN_NARESH_0094,cust_naresh,K. Naresh,23R91A05F3,2026-06-16 21:08:00,Mess & Meals,College Hostel Mess & Catering Hub,1157.5,Debit_Card,0
TXN_NARESH_0095,cust_naresh,K. Naresh,23R91A05F3,2026-06-17 04:56:00,Healthcare,Apollo Pharmacy & Healthcare Store,1147.56,UPI_PhonePe,0
TXN_NARESH_0096,cust_naresh,K. Naresh,23R91A05F3,2026-06-17 09:50:00,Sports & Fitness,Decathlon Sports India Hyderabad,1079.18,Debit_Card,0
TXN_NARESH_0097,cust_naresh,K. Naresh,23R91A05F3,2026-06-17 12:56:00,College Activities,College Fest Stage & Sound Supplies,1351.53,UPI_Paytm,0
TXN_NARESH_0098,cust_naresh,K. Naresh,23R91A05F3,2026-06-17 14:24:00,Utilities,Jio 5G Annual Fiber & Recharge,1110.1,Debit_Card,0
TXN_NARESH_0099,cust_naresh,K. Naresh,23R91A05F3,2026-06-17 14:46:00,Transit,TSRTC Express Bus Pass & Travel,999.77,UPI_Paytm,0
TXN_NARESH_0100,cust_naresh,K. Naresh,23R91A05F3,2026-06-17 16:02:00,Transit,TSRTC Express Bus Pass & Travel,2104.55,UPI_PhonePe,0
TXN_NARESH_0101,cust_naresh,K. Naresh,23R91A05F3,2026-06-17 20:36:00,Entertainment,Prasad IMAX Hyderabad Multiplex,1665.98,UPI_Paytm,0
TXN_NARESH_0102,cust_naresh,K. Naresh,23R91A05F3,2026-06-17 21:00:00,Entertainment,Prasad IMAX Hyderabad Multiplex,1835.36,UPI_PhonePe,0
TXN_NARESH_0103,cust_naresh,K. Naresh,23R91A05F3,2026-06-17 22:28:00,College Activities,College Fest Stage & Sound Supplies,1337.27,UPI_PhonePe,0
TXN_NARESH_0104,cust_naresh,K. Naresh,23R91A05F3,2026-06-18 00:01:00,Utilities,Jio 5G Annual Fiber & Recharge,927.77,UPI_PhonePe,0
TXN_NARESH_0105,cust_naresh,K. Naresh,23R91A05F3,2026-06-18 02:18:00,Mess & Meals,College Hostel Mess & Catering Hub,1231.7,Debit_Card,0
TXN_NARESH_0106,cust_naresh,K. Naresh,23R91A05F3,2026-06-18 06:12:00,Transit,TSRTC Express Bus Pass & Travel,1019.92,UPI_PhonePe,0
TXN_NARESH_0107,cust_naresh,K. Naresh,23R91A05F3,2026-06-18 08:23:00,Healthcare,Apollo Pharmacy & Healthcare Store,1239.58,UPI_Paytm,0
TXN_NARESH_0108,cust_naresh,K. Naresh,23R91A05F3,2026-06-18 09:32:00,Transit,TSRTC Express Bus Pass & Travel,1029.95,UPI_PhonePe,0
TXN_NARESH_0109,cust_naresh,K. Naresh,23R91A05F3,2026-06-18 09:38:00,Sports & Fitness,Decathlon Sports India Hyderabad,1084.74,ATM_Cash,0
TXN_NARESH_0110,cust_naresh,K. Naresh,23R91A05F3,2026-06-18 10:55:00,Healthcare,Apollo Pharmacy & Healthcare Store,1276.35,UPI_PhonePe,0
TXN_NARESH_0111,cust_naresh,K. Naresh,23R91A05F3,2026-06-18 13:06:00,Groceries,Zepto 10-Min Supermarket Supplies,1506.66,UPI_Paytm,0
TXN_NARESH_0112,cust_naresh,K. Naresh,23R91A05F3,2026-06-18 14:30:00,Sports & Fitness,Decathlon Sports India Hyderabad,1188.63,Debit_Card,0
TXN_NARESH_0113,cust_naresh,K. Naresh,23R91A05F3,2026-06-18 15:38:00,Entertainment,Prasad IMAX Hyderabad Multiplex,2015.17,UPI_PhonePe,0
TXN_NARESH_0114,cust_naresh,K. Naresh,23R91A05F3,2026-06-18 17:26:00,Sports & Fitness,Decathlon Sports India Hyderabad,1383.17,UPI_PhonePe,0
TXN_NARESH_0115,cust_naresh,K. Naresh,23R91A05F3,2026-06-19 03:27:00,Groceries,Zepto 10-Min Supermarket Supplies,1950.37,UPI_Paytm,0
TXN_NARESH_0116,cust_naresh,K. Naresh,23R91A05F3,2026-06-19 10:04:00,Entertainment,Prasad IMAX Hyderabad Multiplex,459.95,Debit_Card,0
TXN_NARESH_0117,cust_naresh,K. Naresh,23R91A05F3,2026-06-19 10:51:00,Entertainment,Prasad IMAX Hyderabad Multiplex,1245.97,UPI_Paytm,0
TXN_NARESH_0118,cust_naresh,K. Naresh,23R91A05F3,2026-06-19 19:26:00,College Activities,College Fest Stage & Sound Supplies,2596.48,UPI_PhonePe,0
TXN_NARESH_0119,cust_naresh,K. Naresh,23R91A05F3,2026-06-19 20:00:00,Transit,TSRTC Express Bus Pass & Travel,1513.06,Debit_Card,0
TXN_NARESH_0120,cust_naresh,K. Naresh,23R91A05F3,2026-06-19 21:05:00,Mess & Meals,College Hostel Mess & Catering Hub,1163.46,UPI_PhonePe,0
TXN_NARESH_0121,cust_naresh,K. Naresh,23R91A05F3,2026-06-20 03:53:00,Sports & Fitness,Decathlon Sports India Hyderabad,1466.22,UPI_Paytm,0
TXN_NARESH_0122,cust_naresh,K. Naresh,23R91A05F3,2026-06-20 06:34:00,College Activities,College Fest Stage & Sound Supplies,1323.42,Debit_Card,0
TXN_NARESH_0123,cust_naresh,K. Naresh,23R91A05F3,2026-06-20 12:36:00,Sports & Fitness,Decathlon Sports India Hyderabad,2456.37,UPI_PhonePe,0
TXN_NARESH_0124,cust_naresh,K. Naresh,23R91A05F3,2026-06-20 15:28:00,Sports & Fitness,Decathlon Sports India Hyderabad,626.37,UPI_Paytm,0
TXN_NARESH_0125,cust_naresh,K. Naresh,23R91A05F3,2026-06-20 15:37:00,Transit,TSRTC Express Bus Pass & Travel,1610.81,UPI_Paytm,0
TXN_NARESH_0126,cust_naresh,K. Naresh,23R91A05F3,2026-06-20 18:09:00,Utilities,Jio 5G Annual Fiber & Recharge,837.43,Debit_Card,0
TXN_NARESH_0127,cust_naresh,K. Naresh,23R91A05F3,2026-06-20 21:55:00,Sports & Fitness,Decathlon Sports India Hyderabad,1290.33,UPI_PhonePe,0
TXN_NARESH_0128,cust_naresh,K. Naresh,23R91A05F3,2026-06-20 22:12:00,College Activities,College Fest Stage & Sound Supplies,2277.94,UPI_PhonePe,0
TXN_NARESH_0129,cust_naresh,K. Naresh,23R91A05F3,2026-06-21 05:25:00,Transit,TSRTC Express Bus Pass & Travel,621.86,Debit_Card,0
TXN_NARESH_0130,cust_naresh,K. Naresh,23R91A05F3,2026-06-21 06:32:00,Healthcare,Apollo Pharmacy & Healthcare Store,1764.65,UPI_PhonePe,0
TXN_NARESH_0131,cust_naresh,K. Naresh,23R91A05F3,2026-06-21 10:20:00,Entertainment,Prasad IMAX Hyderabad Multiplex,972.55,UPI_PhonePe,0
TXN_NARESH_0132,cust_naresh,K. Naresh,23R91A05F3,2026-06-21 10:29:00,College Activities,College Fest Stage & Sound Supplies,1029.44,ATM_Cash,0
TXN_NARESH_0133,cust_naresh,K. Naresh,23R91A05F3,2026-06-21 15:28:00,Mess & Meals,College Hostel Mess & Catering Hub,1920.25,UPI_PhonePe,0
TXN_NARESH_0134,cust_naresh,K. Naresh,23R91A05F3,2026-06-21 21:04:00,Mess & Meals,College Hostel Mess & Catering Hub,1041.85,ATM_Cash,0
TXN_NARESH_0135,cust_naresh,K. Naresh,23R91A05F3,2026-06-21 22:04:00,Groceries,Zepto 10-Min Supermarket Supplies,1084.95,UPI_PhonePe,0
TXN_NARESH_0136,cust_naresh,K. Naresh,23R91A05F3,2026-06-22 02:22:00,Healthcare,Apollo Pharmacy & Healthcare Store,1599.7,UPI_PhonePe,0
TXN_NARESH_0137,cust_naresh,K. Naresh,23R91A05F3,2026-06-22 03:57:00,Mess & Meals,College Hostel Mess & Catering Hub,1993.94,UPI_Paytm,0
TXN_NARESH_0138,cust_naresh,K. Naresh,23R91A05F3,2026-06-22 04:14:00,Transit,TSRTC Express Bus Pass & Travel,2001.14,UPI_Paytm,0
TXN_NARESH_0139,cust_naresh,K. Naresh,23R91A05F3,2026-06-22 08:40:00,Entertainment,Prasad IMAX Hyderabad Multiplex,1096.33,UPI_Paytm,0
TXN_NARESH_0140,cust_naresh,K. Naresh,23R91A05F3,2026-06-22 11:08:00,Sports & Fitness,Decathlon Sports India Hyderabad,1355.41,UPI_Paytm,0
TXN_NARESH_0141,cust_naresh,K. Naresh,23R91A05F3,2026-06-22 14:51:00,Utilities,Jio 5G Annual Fiber & Recharge,1152.79,Debit_Card,0
TXN_NARESH_0142,cust_naresh,K. Naresh,23R91A05F3,2026-06-22 19:32:00,Healthcare,Apollo Pharmacy & Healthcare Store,3479.67,UPI_PhonePe,0
TXN_NARESH_0143,cust_naresh,K. Naresh,23R91A05F3,2026-06-22 21:55:00,Sports & Fitness,Decathlon Sports India Hyderabad,1181.17,UPI_PhonePe,0
TXN_NARESH_0144,cust_naresh,K. Naresh,23R91A05F3,2026-06-23 01:07:00,Transit,TSRTC Express Bus Pass & Travel,887.31,UPI_PhonePe,0
TXN_NARESH_0145,cust_naresh,K. Naresh,23R91A05F3,2026-06-23 04:46:00,Mess & Meals,College Hostel Mess & Catering Hub,1654.05,UPI_Paytm,0
TXN_NARESH_0146,cust_naresh,K. Naresh,23R91A05F3,2026-06-23 08:20:00,Transit,TSRTC Express Bus Pass & Travel,737.59,UPI_PhonePe,0
TXN_NARESH_0147,cust_naresh,K. Naresh,23R91A05F3,2026-06-23 10:13:00,Entertainment,Prasad IMAX Hyderabad Multiplex,984.36,UPI_PhonePe,0
TXN_NARESH_0148,cust_naresh,K. Naresh,23R91A05F3,2026-06-23 19:54:00,Transit,TSRTC Express Bus Pass & Travel,2336.65,UPI_PhonePe,0
TXN_NARESH_0149,cust_naresh,K. Naresh,23R91A05F3,2026-06-23 21:38:00,Transit,TSRTC Express Bus Pass & Travel,2001.24,UPI_PhonePe,0
TXN_NARESH_0150,cust_naresh,K. Naresh,23R91A05F3,2026-06-23 22:41:00,Transit,TSRTC Express Bus Pass & Travel,1045.12,UPI_PhonePe,0
TXN_NARESH_0151,cust_naresh,K. Naresh,23R91A05F3,2026-06-24 01:09:00,Transit,TSRTC Express Bus Pass & Travel,1324.17,UPI_Paytm,0
TXN_NARESH_0152,cust_naresh,K. Naresh,23R91A05F3,2026-06-24 03:56:00,Mess & Meals,College Hostel Mess & Catering Hub,1531.35,UPI_PhonePe,0
TXN_NARESH_0153,cust_naresh,K. Naresh,23R91A05F3,2026-06-24 13:27:00,Mess & Meals,College Hostel Mess & Catering Hub,954.56,Debit_Card,0
TXN_NARESH_0154,cust_naresh,K. Naresh,23R91A05F3,2026-06-24 15:12:00,Sports & Fitness,Decathlon Sports India Hyderabad,1097.89,UPI_Paytm,0
TXN_NARESH_0155,cust_naresh,K. Naresh,23R91A05F3,2026-06-24 17:27:00,Sports & Fitness,Decathlon Sports India Hyderabad,1924.0,UPI_PhonePe,0
TXN_NARESH_0156,cust_naresh,K. Naresh,23R91A05F3,2026-06-24 18:16:00,Utilities,Jio 5G Annual Fiber & Recharge,1374.61,UPI_Paytm,0
TXN_NARESH_0157,cust_naresh,K. Naresh,23R91A05F3,2026-06-24 18:43:00,Transit,TSRTC Express Bus Pass & Travel,540.49,UPI_PhonePe,0
TXN_NARESH_0158,cust_naresh,K. Naresh,23R91A05F3,2026-06-24 22:35:00,Healthcare,Apollo Pharmacy & Healthcare Store,1108.95,UPI_Paytm,0
TXN_NARESH_0159,cust_naresh,K. Naresh,23R91A05F3,2026-06-24 23:26:00,Utilities,Jio 5G Annual Fiber & Recharge,1114.6,ATM_Cash,0
TXN_NARESH_0160,cust_naresh,K. Naresh,23R91A05F3,2026-06-24 23:58:00,Transit,TSRTC Express Bus Pass & Travel,1566.19,UPI_Paytm,0
TXN_NARESH_0161,cust_naresh,K. Naresh,23R91A05F3,2026-06-25 01:54:00,Utilities,Jio 5G Annual Fiber & Recharge,1166.95,UPI_Paytm,0
TXN_NARESH_0162,cust_naresh,K. Naresh,23R91A05F3,2026-06-25 12:22:00,Utilities,Jio 5G Annual Fiber & Recharge,1663.49,UPI_PhonePe,0
TXN_NARESH_0163,cust_naresh,K. Naresh,23R91A05F3,2026-06-25 12:59:00,Healthcare,Apollo Pharmacy & Healthcare Store,1193.72,UPI_PhonePe,0
TXN_NARESH_0164,cust_naresh,K. Naresh,23R91A05F3,2026-06-25 13:22:00,College Activities,College Fest Stage & Sound Supplies,1727.62,Debit_Card,0
TXN_NARESH_0165,cust_naresh,K. Naresh,23R91A05F3,2026-06-25 15:14:00,Sports & Fitness,Decathlon Sports India Hyderabad,2487.1,UPI_PhonePe,0
TXN_NARESH_0166,cust_naresh,K. Naresh,23R91A05F3,2026-06-25 16:28:00,Transit,TSRTC Express Bus Pass & Travel,2000.99,UPI_PhonePe,0
TXN_NARESH_0167,cust_naresh,K. Naresh,23R91A05F3,2026-06-25 17:57:00,Groceries,Zepto 10-Min Supermarket Supplies,2111.08,UPI_PhonePe,0
TXN_NARESH_0168,cust_naresh,K. Naresh,23R91A05F3,2026-06-25 19:02:00,Groceries,Zepto 10-Min Supermarket Supplies,1070.88,UPI_Paytm,0
TXN_NARESH_0169,cust_naresh,K. Naresh,23R91A05F3,2026-06-25 22:28:00,Entertainment,Prasad IMAX Hyderabad Multiplex,1806.02,UPI_PhonePe,0
TXN_NARESH_0170,cust_naresh,K. Naresh,23R91A05F3,2026-06-26 00:55:00,Utilities,Jio 5G Annual Fiber & Recharge,2112.34,Debit_Card,0
TXN_NARESH_0171,cust_naresh,K. Naresh,23R91A05F3,2026-06-26 02:02:00,Transit,TSRTC Express Bus Pass & Travel,3494.91,UPI_PhonePe,0
TXN_NARESH_0172,cust_naresh,K. Naresh,23R91A05F3,2026-06-26 04:11:00,Transit,TSRTC Express Bus Pass & Travel,1783.0,UPI_PhonePe,0
TXN_NARESH_0173,cust_naresh,K. Naresh,23R91A05F3,2026-06-26 04:28:00,Transit,TSRTC Express Bus Pass & Travel,1418.58,UPI_Paytm,0
TXN_NARESH_0174,cust_naresh,K. Naresh,23R91A05F3,2026-06-26 05:21:00,Groceries,Zepto 10-Min Supermarket Supplies,1360.21,UPI_PhonePe,0
TXN_NARESH_0175,cust_naresh,K. Naresh,23R91A05F3,2026-06-26 06:49:00,Entertainment,Prasad IMAX Hyderabad Multiplex,1282.32,UPI_Paytm,0
TXN_NARESH_0176,cust_naresh,K. Naresh,23R91A05F3,2026-06-26 12:31:00,Sports & Fitness,Decathlon Sports India Hyderabad,1532.15,UPI_PhonePe,0
TXN_NARESH_0177,cust_naresh,K. Naresh,23R91A05F3,2026-06-26 15:31:00,Groceries,Zepto 10-Min Supermarket Supplies,1345.78,UPI_PhonePe,0
TXN_NARESH_0178,cust_naresh,K. Naresh,23R91A05F3,2026-06-26 17:02:00,Sports & Fitness,Decathlon Sports India Hyderabad,362.3,UPI_PhonePe,0
TXN_NARESH_0179,cust_naresh,K. Naresh,23R91A05F3,2026-06-26 19:36:00,Groceries,Zepto 10-Min Supermarket Supplies,764.76,Debit_Card,0
TXN_NARESH_0180,cust_naresh,K. Naresh,23R91A05F3,2026-06-26 23:30:00,Healthcare,Apollo Pharmacy & Healthcare Store,2413.06,UPI_Paytm,0
TXN_NARESH_0181,cust_naresh,K. Naresh,23R91A05F3,2026-06-27 05:20:00,Healthcare,Apollo Pharmacy & Healthcare Store,965.99,UPI_Paytm,0
TXN_NARESH_0182,cust_naresh,K. Naresh,23R91A05F3,2026-06-27 06:00:00,Transit,TSRTC Express Bus Pass & Travel,1371.0,UPI_PhonePe,0
TXN_NARESH_0183,cust_naresh,K. Naresh,23R91A05F3,2026-06-27 15:45:00,Sports & Fitness,Decathlon Sports India Hyderabad,1164.73,UPI_Paytm,0
TXN_NARESH_0184,cust_naresh,K. Naresh,23R91A05F3,2026-06-27 16:35:00,Sports & Fitness,Decathlon Sports India Hyderabad,1347.51,UPI_PhonePe,0
TXN_NARESH_0185,cust_naresh,K. Naresh,23R91A05F3,2026-06-27 21:52:00,Mess & Meals,College Hostel Mess & Catering Hub,1468.27,Debit_Card,0
TXN_NARESH_0186,cust_naresh,K. Naresh,23R91A05F3,2026-06-27 22:06:00,College Activities,College Fest Stage & Sound Supplies,684.74,UPI_Paytm,0
TXN_NARESH_0187,cust_naresh,K. Naresh,23R91A05F3,2026-06-27 23:30:00,Entertainment,Prasad IMAX Hyderabad Multiplex,603.93,UPI_Paytm,0
TXN_NARESH_0188,cust_naresh,K. Naresh,23R91A05F3,2026-06-28 01:27:00,Groceries,Zepto 10-Min Supermarket Supplies,1968.92,UPI_PhonePe,0
TXN_NARESH_0189,cust_naresh,K. Naresh,23R91A05F3,2026-06-28 03:16:00,Healthcare,Apollo Pharmacy & Healthcare Store,1568.65,UPI_Paytm,0
TXN_NARESH_0190,cust_naresh,K. Naresh,23R91A05F3,2026-06-28 10:13:00,Mess & Meals,College Hostel Mess & Catering Hub,1851.88,UPI_PhonePe,0
TXN_NARESH_0191,cust_naresh,K. Naresh,23R91A05F3,2026-06-28 11:14:00,Entertainment,Prasad IMAX Hyderabad Multiplex,1745.53,Debit_Card,0
TXN_NARESH_0192,cust_naresh,K. Naresh,23R91A05F3,2026-06-28 19:41:00,Healthcare,Apollo Pharmacy & Healthcare Store,1166.66,UPI_PhonePe,0
TXN_NARESH_0193,cust_naresh,K. Naresh,23R91A05F3,2026-06-28 20:52:00,Mess & Meals,College Hostel Mess & Catering Hub,1055.2,UPI_PhonePe,0
TXN_NARESH_0194,cust_naresh,K. Naresh,23R91A05F3,2026-06-29 00:57:00,Sports & Fitness,Decathlon Sports India Hyderabad,1121.28,UPI_PhonePe,0
TXN_NARESH_0195,cust_naresh,K. Naresh,23R91A05F3,2026-06-29 01:14:00,Groceries,Zepto 10-Min Supermarket Supplies,1678.2,UPI_PhonePe,0
TXN_NARESH_0196,cust_naresh,K. Naresh,23R91A05F3,2026-06-29 06:14:00,Healthcare,Apollo Pharmacy & Healthcare Store,639.61,UPI_PhonePe,0
TXN_NARESH_0197,cust_naresh,K. Naresh,23R91A05F3,2026-06-29 06:28:00,Groceries,Zepto 10-Min Supermarket Supplies,946.25,Debit_Card,0
TXN_NARESH_0198,cust_naresh,K. Naresh,23R91A05F3,2026-06-29 09:08:00,Mess & Meals,College Hostel Mess & Catering Hub,788.94,UPI_Paytm,0
TXN_NARESH_0199,cust_naresh,K. Naresh,23R91A05F3,2026-06-29 10:35:00,Healthcare,Apollo Pharmacy & Healthcare Store,647.44,Debit_Card,0
TXN_NARESH_0200,cust_naresh,K. Naresh,23R91A05F3,2026-06-29 12:56:00,Utilities,Jio 5G Annual Fiber & Recharge,1306.45,Debit_Card,0
TXN_NARESH_0201,cust_naresh,K. Naresh,23R91A05F3,2026-06-29 13:44:00,Mess & Meals,College Hostel Mess & Catering Hub,1792.98,UPI_PhonePe,0
TXN_NARESH_0202,cust_naresh,K. Naresh,23R91A05F3,2026-06-29 15:29:00,Transit,TSRTC Express Bus Pass & Travel,1063.33,UPI_Paytm,0
TXN_NARESH_0203,cust_naresh,K. Naresh,23R91A05F3,2026-06-29 17:55:00,Healthcare,Apollo Pharmacy & Healthcare Store,523.89,UPI_PhonePe,0
TXN_NARESH_0204,cust_naresh,K. Naresh,23R91A05F3,2026-06-29 21:22:00,Healthcare,Apollo Pharmacy & Healthcare Store,1603.61,Debit_Card,0
TXN_NARESH_0205,cust_naresh,K. Naresh,23R91A05F3,2026-06-30 02:37:00,Groceries,Zepto 10-Min Supermarket Supplies,1056.05,UPI_PhonePe,0
TXN_NARESH_0206,cust_naresh,K. Naresh,23R91A05F3,2026-06-30 04:38:00,Transit,TSRTC Express Bus Pass & Travel,1324.9,UPI_PhonePe,0
TXN_NARESH_0207,cust_naresh,K. Naresh,23R91A05F3,2026-06-30 05:10:00,Sports & Fitness,Decathlon Sports India Hyderabad,1124.91,UPI_PhonePe,0
TXN_NARESH_0208,cust_naresh,K. Naresh,23R91A05F3,2026-06-30 18:07:00,Utilities,Jio 5G Annual Fiber & Recharge,750.87,UPI_PhonePe,0
TXN_NARESH_0209,cust_naresh,K. Naresh,23R91A05F3,2026-06-30 21:51:00,Utilities,Jio 5G Annual Fiber & Recharge,1576.78,UPI_PhonePe,0
TXN_NARESH_0210,cust_naresh,K. Naresh,23R91A05F3,2026-07-01 00:21:00,Entertainment,Prasad IMAX Hyderabad Multiplex,2450.44,UPI_PhonePe,0
TXN_NARESH_0211,cust_naresh,K. Naresh,23R91A05F3,2026-07-01 06:03:00,Entertainment,Prasad IMAX Hyderabad Multiplex,1336.26,UPI_Paytm,0
TXN_NARESH_0212,cust_naresh,K. Naresh,23R91A05F3,2026-07-01 07:38:00,Entertainment,Prasad IMAX Hyderabad Multiplex,2257.94,Debit_Card,0
TXN_NARESH_0213,cust_naresh,K. Naresh,23R91A05F3,2026-07-01 08:55:00,Entertainment,Prasad IMAX Hyderabad Multiplex,693.35,UPI_PhonePe,0
TXN_NARESH_0214,cust_naresh,K. Naresh,23R91A05F3,2026-07-01 09:09:00,Healthcare,Apollo Pharmacy & Healthcare Store,773.45,UPI_PhonePe,0
TXN_NARESH_0215,cust_naresh,K. Naresh,23R91A05F3,2026-07-01 15:04:00,Sports & Fitness,Decathlon Sports India Hyderabad,498.23,Debit_Card,0
TXN_NARESH_0216,cust_naresh,K. Naresh,23R91A05F3,2026-07-01 21:17:00,Healthcare,Apollo Pharmacy & Healthcare Store,2032.64,UPI_PhonePe,0
TXN_NARESH_0217,cust_naresh,K. Naresh,23R91A05F3,2026-07-02 02:33:00,Entertainment,Prasad IMAX Hyderabad Multiplex,758.12,Debit_Card,0
TXN_NARESH_0218,cust_naresh,K. Naresh,23R91A05F3,2026-07-02 02:59:00,Sports & Fitness,Decathlon Sports India Hyderabad,1401.81,UPI_PhonePe,0
TXN_NARESH_0219,cust_naresh,K. Naresh,23R91A05F3,2026-07-02 04:03:00,Healthcare,Apollo Pharmacy & Healthcare Store,1614.54,UPI_Paytm,0
TXN_NARESH_0220,cust_naresh,K. Naresh,23R91A05F3,2026-07-02 06:48:00,Entertainment,Prasad IMAX Hyderabad Multiplex,1644.68,UPI_Paytm,0
TXN_NARESH_0221,cust_naresh,K. Naresh,23R91A05F3,2026-07-02 09:22:00,Mess & Meals,College Hostel Mess & Catering Hub,917.58,UPI_Paytm,0
TXN_NARESH_0222,cust_naresh,K. Naresh,23R91A05F3,2026-07-02 13:23:00,Groceries,Zepto 10-Min Supermarket Supplies,1805.71,Debit_Card,0
TXN_NARESH_0223,cust_naresh,K. Naresh,23R91A05F3,2026-07-02 13:25:00,College Activities,College Fest Stage & Sound Supplies,1053.49,UPI_PhonePe,0
TXN_NARESH_0224,cust_naresh,K. Naresh,23R91A05F3,2026-07-02 17:50:00,College Activities,College Fest Stage & Sound Supplies,760.05,UPI_PhonePe,0
TXN_NARESH_0225,cust_naresh,K. Naresh,23R91A05F3,2026-07-02 19:11:00,Entertainment,Prasad IMAX Hyderabad Multiplex,576.76,UPI_Paytm,0
TXN_NARESH_0226,cust_naresh,K. Naresh,23R91A05F3,2026-07-02 19:28:00,Mess & Meals,College Hostel Mess & Catering Hub,1538.64,Debit_Card,0
TXN_NARESH_0227,cust_naresh,K. Naresh,23R91A05F3,2026-07-02 20:46:00,Groceries,Zepto 10-Min Supermarket Supplies,803.94,UPI_PhonePe,0
TXN_NARESH_0228,cust_naresh,K. Naresh,23R91A05F3,2026-07-03 01:34:00,College Activities,College Fest Stage & Sound Supplies,1523.23,Debit_Card,0
TXN_NARESH_0229,cust_naresh,K. Naresh,23R91A05F3,2026-07-03 04:00:00,Healthcare,Apollo Pharmacy & Healthcare Store,1614.44,UPI_PhonePe,0
TXN_NARESH_0230,cust_naresh,K. Naresh,23R91A05F3,2026-07-03 06:49:00,College Activities,College Fest Stage & Sound Supplies,1199.91,UPI_PhonePe,0
TXN_NARESH_0231,cust_naresh,K. Naresh,23R91A05F3,2026-07-03 09:16:00,Mess & Meals,College Hostel Mess & Catering Hub,667.74,UPI_Paytm,0
TXN_NARESH_0232,cust_naresh,K. Naresh,23R91A05F3,2026-07-03 10:15:00,Sports & Fitness,Decathlon Sports India Hyderabad,1313.68,UPI_PhonePe,0
TXN_NARESH_0233,cust_naresh,K. Naresh,23R91A05F3,2026-07-03 10:50:00,Entertainment,Prasad IMAX Hyderabad Multiplex,1420.73,UPI_Paytm,0
TXN_NARESH_0234,cust_naresh,K. Naresh,23R91A05F3,2026-07-03 11:58:00,Groceries,Zepto 10-Min Supermarket Supplies,1256.77,UPI_PhonePe,0
TXN_NARESH_0235,cust_naresh,K. Naresh,23R91A05F3,2026-07-03 15:43:00,Groceries,Zepto 10-Min Supermarket Supplies,1305.97,UPI_PhonePe,0
TXN_NARESH_0236,cust_naresh,K. Naresh,23R91A05F3,2026-07-03 16:11:00,College Activities,College Fest Stage & Sound Supplies,1450.91,UPI_Paytm,0
TXN_NARESH_0237,cust_naresh,K. Naresh,23R91A05F3,2026-07-03 19:52:00,Transit,TSRTC Express Bus Pass & Travel,2173.17,UPI_Paytm,0
TXN_NARESH_0238,cust_naresh,K. Naresh,23R91A05F3,2026-07-03 20:29:00,Mess & Meals,College Hostel Mess & Catering Hub,737.91,UPI_PhonePe,0
TXN_NARESH_0239,cust_naresh,K. Naresh,23R91A05F3,2026-07-04 01:11:00,Healthcare,Apollo Pharmacy & Healthcare Store,1841.91,UPI_PhonePe,0
TXN_NARESH_0240,cust_naresh,K. Naresh,23R91A05F3,2026-07-04 09:16:00,Mess & Meals,College Hostel Mess & Catering Hub,1535.92,UPI_PhonePe,0
TXN_NARESH_0241,cust_naresh,K. Naresh,23R91A05F3,2026-07-04 09:34:00,Groceries,Zepto 10-Min Supermarket Supplies,732.95,UPI_PhonePe,0
TXN_NARESH_0242,cust_naresh,K. Naresh,23R91A05F3,2026-07-04 12:23:00,Groceries,Zepto 10-Min Supermarket Supplies,1164.95,ATM_Cash,0
TXN_NARESH_0243,cust_naresh,K. Naresh,23R91A05F3,2026-07-04 14:24:00,Utilities,Jio 5G Annual Fiber & Recharge,521.88,Debit_Card,0
TXN_NARESH_0244,cust_naresh,K. Naresh,23R91A05F3,2026-07-04 15:34:00,Healthcare,Apollo Pharmacy & Healthcare Store,2245.04,UPI_PhonePe,0
TXN_NARESH_0245,cust_naresh,K. Naresh,23R91A05F3,2026-07-04 15:52:00,Suspicious Wire,CRYPTO_CASINO_TRX_MALTA,31999.66,UPI_PhonePe,1
TXN_NARESH_0246,cust_naresh,K. Naresh,23R91A05F3,2026-07-04 16:44:00,Entertainment,Prasad IMAX Hyderabad Multiplex,1585.55,Debit_Card,0
TXN_NARESH_0247,cust_naresh,K. Naresh,23R91A05F3,2026-07-04 22:42:00,Utilities,Jio 5G Annual Fiber & Recharge,808.4,UPI_Paytm,0
TXN_NARESH_0248,cust_naresh,K. Naresh,23R91A05F3,2026-07-04 23:10:00,Groceries,Zepto 10-Min Supermarket Supplies,1077.3,UPI_Paytm,0
TXN_NARESH_0249,cust_naresh,K. Naresh,23R91A05F3,2026-07-05 02:58:00,Mess & Meals,College Hostel Mess & Catering Hub,1002.48,UPI_Paytm,0
TXN_NARESH_0250,cust_naresh,K. Naresh,23R91A05F3,2026-07-05 03:34:00,Sports & Fitness,Decathlon Sports India Hyderabad,1637.65,UPI_PhonePe,0
TXN_NARESH_0251,cust_naresh,K. Naresh,23R91A05F3,2026-07-05 11:41:00,Sports & Fitness,Decathlon Sports India Hyderabad,914.12,UPI_PhonePe,0
TXN_NARESH_0252,cust_naresh,K. Naresh,23R91A05F3,2026-07-05 11:55:00,Groceries,Zepto 10-Min Supermarket Supplies,1186.99,ATM_Cash,0
TXN_NARESH_0253,cust_naresh,K. Naresh,23R91A05F3,2026-07-05 13:52:00,Entertainment,Prasad IMAX Hyderabad Multiplex,630.59,UPI_Paytm,0
TXN_NARESH_0254,cust_naresh,K. Naresh,23R91A05F3,2026-07-05 17:28:00,Healthcare,Apollo Pharmacy & Healthcare Store,576.95,UPI_PhonePe,0
TXN_NARESH_0255,cust_naresh,K. Naresh,23R91A05F3,2026-07-05 18:04:00,Mess & Meals,College Hostel Mess & Catering Hub,2218.71,UPI_PhonePe,0
TXN_NARESH_0256,cust_naresh,K. Naresh,23R91A05F3,2026-07-05 18:52:00,Entertainment,Prasad IMAX Hyderabad Multiplex,1098.56,UPI_PhonePe,0
TXN_NARESH_0257,cust_naresh,K. Naresh,23R91A05F3,2026-07-05 19:03:00,Groceries,Zepto 10-Min Supermarket Supplies,1259.8,UPI_Paytm,0
TXN_NARESH_0258,cust_naresh,K. Naresh,23R91A05F3,2026-07-05 21:56:00,Healthcare,Apollo Pharmacy & Healthcare Store,696.61,UPI_PhonePe,0
TXN_NARESH_0259,cust_naresh,K. Naresh,23R91A05F3,2026-07-05 22:06:00,Entertainment,Prasad IMAX Hyderabad Multiplex,836.11,UPI_PhonePe,0
TXN_NARESH_0260,cust_naresh,K. Naresh,23R91A05F3,2026-07-05 23:03:00,College Activities,College Fest Stage & Sound Supplies,897.18,Debit_Card,0
TXN_NARESH_0261,cust_naresh,K. Naresh,23R91A05F3,2026-07-05 23:47:00,Transit,TSRTC Express Bus Pass & Travel,1568.61,UPI_PhonePe,0
TXN_NARESH_0262,cust_naresh,K. Naresh,23R91A05F3,2026-07-06 01:51:00,Transit,TSRTC Express Bus Pass & Travel,941.66,UPI_PhonePe,0
TXN_NARESH_0263,cust_naresh,K. Naresh,23R91A05F3,2026-07-06 04:07:00,Groceries,Zepto 10-Min Supermarket Supplies,1331.15,UPI_PhonePe,0
TXN_NARESH_0264,cust_naresh,K. Naresh,23R91A05F3,2026-07-06 12:03:00,Mess & Meals,College Hostel Mess & Catering Hub,2004.94,UPI_PhonePe,0
TXN_NARESH_0265,cust_naresh,K. Naresh,23R91A05F3,2026-07-06 13:12:00,Mess & Meals,College Hostel Mess & Catering Hub,1425.5,UPI_PhonePe,0
TXN_NARESH_0266,cust_naresh,K. Naresh,23R91A05F3,2026-07-06 14:26:00,Transit,TSRTC Express Bus Pass & Travel,1171.54,Debit_Card,0
TXN_NARESH_0267,cust_naresh,K. Naresh,23R91A05F3,2026-07-06 19:07:00,Mess & Meals,College Hostel Mess & Catering Hub,830.13,Debit_Card,0
TXN_NARESH_0268,cust_naresh,K. Naresh,23R91A05F3,2026-07-06 19:39:00,Transit,TSRTC Express Bus Pass & Travel,832.4,UPI_PhonePe,0
TXN_NARESH_0269,cust_naresh,K. Naresh,23R91A05F3,2026-07-06 21:58:00,Transit,TSRTC Express Bus Pass & Travel,1544.95,UPI_PhonePe,0
TXN_NARESH_0270,cust_naresh,K. Naresh,23R91A05F3,2026-07-06 23:33:00,Entertainment,Prasad IMAX Hyderabad Multiplex,1405.13,UPI_Paytm,0
TXN_NARESH_0271,cust_naresh,K. Naresh,23R91A05F3,2026-07-07 01:51:00,Sports & Fitness,Decathlon Sports India Hyderabad,927.83,UPI_PhonePe,0
TXN_NARESH_0272,cust_naresh,K. Naresh,23R91A05F3,2026-07-07 02:48:00,Groceries,Zepto 10-Min Supermarket Supplies,1019.27,UPI_PhonePe,0
TXN_NARESH_0273,cust_naresh,K. Naresh,23R91A05F3,2026-07-07 02:56:00,Groceries,Zepto 10-Min Supermarket Supplies,1034.83,Debit_Card,0
TXN_NARESH_0274,cust_naresh,K. Naresh,23R91A05F3,2026-07-07 04:12:00,Utilities,Jio 5G Annual Fiber & Recharge,896.45,UPI_PhonePe,0
TXN_NARESH_0275,cust_naresh,K. Naresh,23R91A05F3,2026-07-07 07:36:00,Transit,TSRTC Express Bus Pass & Travel,886.14,UPI_PhonePe,0
TXN_NARESH_0276,cust_naresh,K. Naresh,23R91A05F3,2026-07-07 09:58:00,College Activities,College Fest Stage & Sound Supplies,1783.9,UPI_PhonePe,0
TXN_NARESH_0277,cust_naresh,K. Naresh,23R91A05F3,2026-07-07 13:41:00,Suspicious Wire,CRYPTO_CASINO_TRX_MALTA,46151.06,UPI_PhonePe,1
TXN_NARESH_0278,cust_naresh,K. Naresh,23R91A05F3,2026-07-07 13:49:00,Groceries,Zepto 10-Min Supermarket Supplies,1159.57,UPI_PhonePe,0
TXN_NARESH_0279,cust_naresh,K. Naresh,23R91A05F3,2026-07-07 21:12:00,Transit,TSRTC Express Bus Pass & Travel,1483.41,UPI_PhonePe,0
TXN_NARESH_0280,cust_naresh,K. Naresh,23R91A05F3,2026-07-07 21:50:00,Transit,TSRTC Express Bus Pass & Travel,1563.02,UPI_PhonePe,0
TXN_NARESH_0281,cust_naresh,K. Naresh,23R91A05F3,2026-07-07 22:43:00,Entertainment,Prasad IMAX Hyderabad Multiplex,559.65,UPI_Paytm,0
TXN_NARESH_0282,cust_naresh,K. Naresh,23R91A05F3,2026-07-08 04:40:00,Suspicious Wire,CRYPTO_CASINO_TRX_MALTA,32658.14,UPI_PhonePe,1
TXN_NARESH_0283,cust_naresh,K. Naresh,23R91A05F3,2026-07-08 09:24:00,Utilities,Jio 5G Annual Fiber & Recharge,772.95,UPI_PhonePe,0
TXN_NARESH_0284,cust_naresh,K. Naresh,23R91A05F3,2026-07-08 11:13:00,Utilities,Jio 5G Annual Fiber & Recharge,1619.7,UPI_Paytm,0
TXN_NARESH_0285,cust_naresh,K. Naresh,23R91A05F3,2026-07-08 11:35:00,Entertainment,Prasad IMAX Hyderabad Multiplex,1485.81,Debit_Card,0
TXN_NARESH_0286,cust_naresh,K. Naresh,23R91A05F3,2026-07-08 12:29:00,College Activities,College Fest Stage & Sound Supplies,902.14,UPI_PhonePe,0
TXN_NARESH_0287,cust_naresh,K. Naresh,23R91A05F3,2026-07-08 21:52:00,College Activities,College Fest Stage & Sound Supplies,1608.87,UPI_PhonePe,0
TXN_NARESH_0288,cust_naresh,K. Naresh,23R91A05F3,2026-07-09 00:24:00,Transit,TSRTC Express Bus Pass & Travel,1211.38,UPI_PhonePe,0
TXN_NARESH_0289,cust_naresh,K. Naresh,23R91A05F3,2026-07-09 04:44:00,Mess & Meals,College Hostel Mess & Catering Hub,513.96,UPI_Paytm,0
TXN_NARESH_0290,cust_naresh,K. Naresh,23R91A05F3,2026-07-09 07:44:00,Mess & Meals,College Hostel Mess & Catering Hub,939.26,UPI_PhonePe,0
TXN_NARESH_0291,cust_naresh,K. Naresh,23R91A05F3,2026-07-09 20:01:00,Groceries,Zepto 10-Min Supermarket Supplies,1163.23,UPI_PhonePe,0
TXN_NARESH_0292,cust_naresh,K. Naresh,23R91A05F3,2026-07-09 21:34:00,Mess & Meals,College Hostel Mess & Catering Hub,1430.68,UPI_PhonePe,0
TXN_NARESH_0293,cust_naresh,K. Naresh,23R91A05F3,2026-07-09 21:55:00,Sports & Fitness,Decathlon Sports India Hyderabad,902.09,UPI_PhonePe,0
TXN_NARESH_0294,cust_naresh,K. Naresh,23R91A05F3,2026-07-10 00:42:00,Sports & Fitness,Decathlon Sports India Hyderabad,1534.62,UPI_PhonePe,0
TXN_NARESH_0295,cust_naresh,K. Naresh,23R91A05F3,2026-07-10 01:13:00,Sports & Fitness,Decathlon Sports India Hyderabad,1098.23,UPI_PhonePe,0
TXN_NARESH_0296,cust_naresh,K. Naresh,23R91A05F3,2026-07-10 05:04:00,Utilities,Jio 5G Annual Fiber & Recharge,1922.39,Debit_Card,0
TXN_NARESH_0297,cust_naresh,K. Naresh,23R91A05F3,2026-07-10 07:03:00,Mess & Meals,College Hostel Mess & Catering Hub,1074.73,UPI_Paytm,0
TXN_NARESH_0298,cust_naresh,K. Naresh,23R91A05F3,2026-07-10 13:17:00,Utilities,Jio 5G Annual Fiber & Recharge,1809.12,UPI_PhonePe,0
TXN_NARESH_0299,cust_naresh,K. Naresh,23R91A05F3,2026-07-10 18:40:00,Mess & Meals,College Hostel Mess & Catering Hub,1377.26,UPI_PhonePe,0
TXN_NARESH_0300,cust_naresh,K. Naresh,23R91A05F3,2026-07-10 20:33:00,Utilities,Jio 5G Annual Fiber & Recharge,1123.32,UPI_PhonePe,0
TXN_NARESH_0301,cust_naresh,K. Naresh,23R91A05F3,2026-07-10 22:18:00,Utilities,Jio 5G Annual Fiber & Recharge,2128.59,UPI_PhonePe,0
TXN_NARESH_0302,cust_naresh,K. Naresh,23R91A05F3,2026-07-11 01:59:00,Transit,TSRTC Express Bus Pass & Travel,1476.18,Debit_Card,0
TXN_NARESH_0303,cust_naresh,K. Naresh,23R91A05F3,2026-07-11 08:04:00,Groceries,Zepto 10-Min Supermarket Supplies,1547.12,ATM_Cash,0
TXN_NARESH_0304,cust_naresh,K. Naresh,23R91A05F3,2026-07-11 08:04:00,Utilities,Jio 5G Annual Fiber & Recharge,2314.71,UPI_PhonePe,0
TXN_NARESH_0305,cust_naresh,K. Naresh,23R91A05F3,2026-07-11 17:14:00,Groceries,Zepto 10-Min Supermarket Supplies,705.61,UPI_PhonePe,0
TXN_NARESH_0306,cust_naresh,K. Naresh,23R91A05F3,2026-07-11 23:49:00,Healthcare,Apollo Pharmacy & Healthcare Store,933.55,UPI_PhonePe,0
TXN_NARESH_0307,cust_naresh,K. Naresh,23R91A05F3,2026-07-12 00:25:00,Sports & Fitness,Decathlon Sports India Hyderabad,1608.0,UPI_Paytm,0
TXN_NARESH_0308,cust_naresh,K. Naresh,23R91A05F3,2026-07-12 05:21:00,Sports & Fitness,Decathlon Sports India Hyderabad,1125.77,UPI_Paytm,0
TXN_NARESH_0309,cust_naresh,K. Naresh,23R91A05F3,2026-07-12 05:23:00,Mess & Meals,College Hostel Mess & Catering Hub,1736.34,Debit_Card,0
TXN_NARESH_0310,cust_naresh,K. Naresh,23R91A05F3,2026-07-12 09:17:00,Transit,TSRTC Express Bus Pass & Travel,1170.96,UPI_Paytm,0
TXN_NARESH_0311,cust_naresh,K. Naresh,23R91A05F3,2026-07-12 17:01:00,Sports & Fitness,Decathlon Sports India Hyderabad,929.92,UPI_PhonePe,0
TXN_NARESH_0312,cust_naresh,K. Naresh,23R91A05F3,2026-07-12 18:56:00,Sports & Fitness,Decathlon Sports India Hyderabad,955.33,UPI_Paytm,0
TXN_NARESH_0313,cust_naresh,K. Naresh,23R91A05F3,2026-07-12 23:38:00,College Activities,College Fest Stage & Sound Supplies,771.67,UPI_Paytm,0
TXN_NARESH_0314,cust_naresh,K. Naresh,23R91A05F3,2026-07-13 00:16:00,Mess & Meals,College Hostel Mess & Catering Hub,1860.38,UPI_Paytm,0
TXN_NARESH_0315,cust_naresh,K. Naresh,23R91A05F3,2026-07-13 03:13:00,Transit,TSRTC Express Bus Pass & Travel,1226.46,UPI_PhonePe,0
TXN_NARESH_0316,cust_naresh,K. Naresh,23R91A05F3,2026-07-13 09:04:00,Sports & Fitness,Decathlon Sports India Hyderabad,1290.37,UPI_Paytm,0
TXN_NARESH_0317,cust_naresh,K. Naresh,23R91A05F3,2026-07-13 13:30:00,Utilities,Jio 5G Annual Fiber & Recharge,2128.53,UPI_Paytm,0
TXN_NARESH_0318,cust_naresh,K. Naresh,23R91A05F3,2026-07-13 13:51:00,Sports & Fitness,Decathlon Sports India Hyderabad,1527.65,UPI_Paytm,0
TXN_NARESH_0319,cust_naresh,K. Naresh,23R91A05F3,2026-07-13 17:35:00,Mess & Meals,College Hostel Mess & Catering Hub,1524.54,UPI_Paytm,0
TXN_NARESH_0320,cust_naresh,K. Naresh,23R91A05F3,2026-07-13 18:03:00,College Activities,College Fest Stage & Sound Supplies,546.84,UPI_Paytm,0
TXN_NARESH_0321,cust_naresh,K. Naresh,23R91A05F3,2026-07-13 22:13:00,Entertainment,Prasad IMAX Hyderabad Multiplex,2021.17,UPI_Paytm,0
TXN_NARESH_0322,cust_naresh,K. Naresh,23R91A05F3,2026-07-14 03:31:00,Groceries,Zepto 10-Min Supermarket Supplies,1103.17,UPI_Paytm,0
TXN_NARESH_0323,cust_naresh,K. Naresh,23R91A05F3,2026-07-14 04:06:00,Healthcare,Apollo Pharmacy & Healthcare Store,428.91,UPI_Paytm,0
TXN_NARESH_0324,cust_naresh,K. Naresh,23R91A05F3,2026-07-14 04:38:00,Healthcare,Apollo Pharmacy & Healthcare Store,1316.19,UPI_PhonePe,0
TXN_NARESH_0325,cust_naresh,K. Naresh,23R91A05F3,2026-07-14 09:42:00,College Activities,College Fest Stage & Sound Supplies,1145.07,UPI_PhonePe,0
TXN_NARESH_0326,cust_naresh,K. Naresh,23R91A05F3,2026-07-14 13:08:00,Mess & Meals,College Hostel Mess & Catering Hub,857.17,UPI_PhonePe,0
TXN_NARESH_0327,cust_naresh,K. Naresh,23R91A05F3,2026-07-14 14:05:00,Groceries,Zepto 10-Min Supermarket Supplies,1338.39,UPI_Paytm,0
TXN_NARESH_0328,cust_naresh,K. Naresh,23R91A05F3,2026-07-14 19:24:00,Mess & Meals,College Hostel Mess & Catering Hub,2429.37,UPI_Paytm,0
TXN_NARESH_0329,cust_naresh,K. Naresh,23R91A05F3,2026-07-14 20:33:00,Groceries,Zepto 10-Min Supermarket Supplies,2108.98,ATM_Cash,0
TXN_NARESH_0330,cust_naresh,K. Naresh,23R91A05F3,2026-07-14 22:46:00,Entertainment,Prasad IMAX Hyderabad Multiplex,1297.88,UPI_PhonePe,0
TXN_NARESH_0331,cust_naresh,K. Naresh,23R91A05F3,2026-07-15 01:00:00,Utilities,Jio 5G Annual Fiber & Recharge,1230.22,UPI_PhonePe,0
TXN_NARESH_0332,cust_naresh,K. Naresh,23R91A05F3,2026-07-15 04:57:00,Mess & Meals,College Hostel Mess & Catering Hub,1118.1,UPI_PhonePe,0
TXN_NARESH_0333,cust_naresh,K. Naresh,23R91A05F3,2026-07-15 05:50:00,Healthcare,Apollo Pharmacy & Healthcare Store,2161.73,UPI_PhonePe,0
TXN_NARESH_0334,cust_naresh,K. Naresh,23R91A05F3,2026-07-15 06:40:00,Groceries,Zepto 10-Min Supermarket Supplies,1161.38,UPI_Paytm,0
TXN_NARESH_0335,cust_naresh,K. Naresh,23R91A05F3,2026-07-15 07:36:00,Transit,TSRTC Express Bus Pass & Travel,1354.26,UPI_PhonePe,0
TXN_NARESH_0336,cust_naresh,K. Naresh,23R91A05F3,2026-07-15 10:05:00,Entertainment,Prasad IMAX Hyderabad Multiplex,1399.93,UPI_Paytm,0
TXN_NARESH_0337,cust_naresh,K. Naresh,23R91A05F3,2026-07-15 11:46:00,College Activities,College Fest Stage & Sound Supplies,885.62,UPI_Paytm,0
TXN_NARESH_0338,cust_naresh,K. Naresh,23R91A05F3,2026-07-15 11:48:00,Groceries,Zepto 10-Min Supermarket Supplies,377.85,UPI_PhonePe,0
TXN_NARESH_0339,cust_naresh,K. Naresh,23R91A05F3,2026-07-15 12:30:00,Groceries,Zepto 10-Min Supermarket Supplies,1476.42,Debit_Card,0
TXN_NARESH_0340,cust_naresh,K. Naresh,23R91A05F3,2026-07-15 16:01:00,Utilities,Jio 5G Annual Fiber & Recharge,769.68,UPI_PhonePe,0
TXN_NARESH_0341,cust_naresh,K. Naresh,23R91A05F3,2026-07-16 00:57:00,Healthcare,Apollo Pharmacy & Healthcare Store,1150.87,UPI_PhonePe,0
TXN_NARESH_0342,cust_naresh,K. Naresh,23R91A05F3,2026-07-16 02:27:00,Entertainment,Prasad IMAX Hyderabad Multiplex,849.51,Debit_Card,0
TXN_NARESH_0343,cust_naresh,K. Naresh,23R91A05F3,2026-07-16 05:27:00,Mess & Meals,College Hostel Mess & Catering Hub,1144.72,Debit_Card,0
TXN_NARESH_0344,cust_naresh,K. Naresh,23R91A05F3,2026-07-16 09:42:00,Utilities,Jio 5G Annual Fiber & Recharge,1178.17,UPI_PhonePe,0
TXN_NARESH_0345,cust_naresh,K. Naresh,23R91A05F3,2026-07-16 17:53:00,College Activities,College Fest Stage & Sound Supplies,801.74,UPI_PhonePe,0
TXN_NARESH_0346,cust_naresh,K. Naresh,23R91A05F3,2026-07-16 21:40:00,Utilities,Jio 5G Annual Fiber & Recharge,1637.14,UPI_PhonePe,0
TXN_NARESH_0347,cust_naresh,K. Naresh,23R91A05F3,2026-07-16 22:03:00,Entertainment,Prasad IMAX Hyderabad Multiplex,848.47,UPI_PhonePe,0
TXN_NARESH_0348,cust_naresh,K. Naresh,23R91A05F3,2026-07-16 22:42:00,Utilities,Jio 5G Annual Fiber & Recharge,1573.17,ATM_Cash,0
TXN_NARESH_0349,cust_naresh,K. Naresh,23R91A05F3,2026-07-16 23:50:00,Utilities,Jio 5G Annual Fiber & Recharge,1441.76,UPI_Paytm,0
TXN_NARESH_0350,cust_naresh,K. Naresh,23R91A05F3,2026-07-17 02:03:00,Entertainment,Prasad IMAX Hyderabad Multiplex,2015.37,UPI_PhonePe,0
TXN_NARESH_0351,cust_naresh,K. Naresh,23R91A05F3,2026-07-17 02:30:00,Utilities,Jio 5G Annual Fiber & Recharge,1073.81,Debit_Card,0
TXN_NARESH_0352,cust_naresh,K. Naresh,23R91A05F3,2026-07-17 07:51:00,Healthcare,Apollo Pharmacy & Healthcare Store,761.32,UPI_PhonePe,0
TXN_NARESH_0353,cust_naresh,K. Naresh,23R91A05F3,2026-07-17 12:12:00,Groceries,Zepto 10-Min Supermarket Supplies,1666.24,UPI_PhonePe,0
TXN_NARESH_0354,cust_naresh,K. Naresh,23R91A05F3,2026-07-17 15:04:00,Entertainment,Prasad IMAX Hyderabad Multiplex,1221.91,Debit_Card,0
TXN_NARESH_0355,cust_naresh,K. Naresh,23R91A05F3,2026-07-17 20:43:00,Entertainment,Prasad IMAX Hyderabad Multiplex,2907.13,Debit_Card,0
TXN_NARESH_0356,cust_naresh,K. Naresh,23R91A05F3,2026-07-17 22:22:00,Sports & Fitness,Decathlon Sports India Hyderabad,2854.58,Debit_Card,0
TXN_NARESH_0357,cust_naresh,K. Naresh,23R91A05F3,2026-07-18 00:57:00,Utilities,Jio 5G Annual Fiber & Recharge,1426.77,UPI_Paytm,0
TXN_NARESH_0358,cust_naresh,K. Naresh,23R91A05F3,2026-07-18 05:22:00,Healthcare,Apollo Pharmacy & Healthcare Store,1689.79,UPI_Paytm,0
TXN_NARESH_0359,cust_naresh,K. Naresh,23R91A05F3,2026-07-18 05:54:00,Transit,TSRTC Express Bus Pass & Travel,727.49,UPI_PhonePe,0
TXN_NARESH_0360,cust_naresh,K. Naresh,23R91A05F3,2026-07-18 15:50:00,Suspicious Wire,CRYPTO_CASINO_TRX_MALTA,47796.2,UPI_Paytm,1
TXN_NARESH_0361,cust_naresh,K. Naresh,23R91A05F3,2026-07-18 19:51:00,Entertainment,Prasad IMAX Hyderabad Multiplex,737.75,ATM_Cash,0
TXN_NARESH_0362,cust_naresh,K. Naresh,23R91A05F3,2026-07-18 20:03:00,Utilities,Jio 5G Annual Fiber & Recharge,681.86,UPI_PhonePe,0
TXN_NARESH_0363,cust_naresh,K. Naresh,23R91A05F3,2026-07-19 03:32:00,Entertainment,Prasad IMAX Hyderabad Multiplex,2278.34,UPI_Paytm,0
TXN_NARESH_0364,cust_naresh,K. Naresh,23R91A05F3,2026-07-19 03:42:00,College Activities,College Fest Stage & Sound Supplies,2353.36,UPI_PhonePe,0
TXN_NARESH_0365,cust_naresh,K. Naresh,23R91A05F3,2026-07-19 07:13:00,College Activities,College Fest Stage & Sound Supplies,1475.31,UPI_PhonePe,0
TXN_NARESH_0366,cust_naresh,K. Naresh,23R91A05F3,2026-07-19 08:59:00,Healthcare,Apollo Pharmacy & Healthcare Store,1101.16,UPI_Paytm,0
TXN_NARESH_0367,cust_naresh,K. Naresh,23R91A05F3,2026-07-19 09:37:00,Utilities,Jio 5G Annual Fiber & Recharge,824.87,UPI_PhonePe,0
TXN_NARESH_0368,cust_naresh,K. Naresh,23R91A05F3,2026-07-19 10:13:00,Sports & Fitness,Decathlon Sports India Hyderabad,2434.39,UPI_Paytm,0
TXN_NARESH_0369,cust_naresh,K. Naresh,23R91A05F3,2026-07-19 12:31:00,Groceries,Zepto 10-Min Supermarket Supplies,1679.55,UPI_PhonePe,0
TXN_NARESH_0370,cust_naresh,K. Naresh,23R91A05F3,2026-07-19 16:34:00,Sports & Fitness,Decathlon Sports India Hyderabad,380.85,Debit_Card,0
TXN_NARESH_0371,cust_naresh,K. Naresh,23R91A05F3,2026-07-19 20:05:00,Entertainment,Prasad IMAX Hyderabad Multiplex,791.12,UPI_PhonePe,0
TXN_NARESH_0372,cust_naresh,K. Naresh,23R91A05F3,2026-07-20 00:14:00,College Activities,College Fest Stage & Sound Supplies,1594.5,UPI_PhonePe,0
TXN_NARESH_0373,cust_naresh,K. Naresh,23R91A05F3,2026-07-20 05:03:00,Mess & Meals,College Hostel Mess & Catering Hub,1270.35,UPI_PhonePe,0
TXN_NARESH_0374,cust_naresh,K. Naresh,23R91A05F3,2026-07-20 05:46:00,Groceries,Zepto 10-Min Supermarket Supplies,1849.23,Debit_Card,0
TXN_NARESH_0375,cust_naresh,K. Naresh,23R91A05F3,2026-07-20 07:58:00,Groceries,Zepto 10-Min Supermarket Supplies,2426.87,UPI_Paytm,0
TXN_NARESH_0376,cust_naresh,K. Naresh,23R91A05F3,2026-07-20 09:48:00,Sports & Fitness,Decathlon Sports India Hyderabad,652.15,UPI_Paytm,0
TXN_NARESH_0377,cust_naresh,K. Naresh,23R91A05F3,2026-07-20 12:56:00,Healthcare,Apollo Pharmacy & Healthcare Store,989.11,UPI_PhonePe,0
TXN_NARESH_0378,cust_naresh,K. Naresh,23R91A05F3,2026-07-20 15:09:00,Entertainment,Prasad IMAX Hyderabad Multiplex,831.12,UPI_PhonePe,0
TXN_NARESH_0379,cust_naresh,K. Naresh,23R91A05F3,2026-07-20 16:28:00,Groceries,Zepto 10-Min Supermarket Supplies,1230.88,UPI_PhonePe,0
TXN_NARESH_0380,cust_naresh,K. Naresh,23R91A05F3,2026-07-20 17:42:00,Transit,TSRTC Express Bus Pass & Travel,1114.16,UPI_Paytm,0
TXN_NARESH_0381,cust_naresh,K. Naresh,23R91A05F3,2026-07-20 19:19:00,Sports & Fitness,Decathlon Sports India Hyderabad,1010.72,UPI_PhonePe,0
TXN_NARESH_0382,cust_naresh,K. Naresh,23R91A05F3,2026-07-21 01:41:00,Healthcare,Apollo Pharmacy & Healthcare Store,1370.1,ATM_Cash,0
TXN_NARESH_0383,cust_naresh,K. Naresh,23R91A05F3,2026-07-21 04:32:00,Sports & Fitness,Decathlon Sports India Hyderabad,1569.08,UPI_Paytm,0
TXN_NARESH_0384,cust_naresh,K. Naresh,23R91A05F3,2026-07-21 04:48:00,Transit,TSRTC Express Bus Pass & Travel,1410.06,UPI_PhonePe,0
TXN_NARESH_0385,cust_naresh,K. Naresh,23R91A05F3,2026-07-21 12:15:00,Groceries,Zepto 10-Min Supermarket Supplies,1573.38,UPI_PhonePe,0
TXN_NARESH_0386,cust_naresh,K. Naresh,23R91A05F3,2026-07-21 13:02:00,Entertainment,Prasad IMAX Hyderabad Multiplex,1088.48,UPI_Paytm,0
TXN_NARESH_0387,cust_naresh,K. Naresh,23R91A05F3,2026-07-21 16:11:00,Groceries,Zepto 10-Min Supermarket Supplies,2857.28,UPI_PhonePe,0
TXN_NARESH_0388,cust_naresh,K. Naresh,23R91A05F3,2026-07-21 19:52:00,Sports & Fitness,Decathlon Sports India Hyderabad,1386.46,UPI_PhonePe,0
TXN_NARESH_0389,cust_naresh,K. Naresh,23R91A05F3,2026-07-21 22:40:00,Healthcare,Apollo Pharmacy & Healthcare Store,1427.58,UPI_PhonePe,0
TXN_NARESH_0390,cust_naresh,K. Naresh,23R91A05F3,2026-07-22 00:39:00,College Activities,College Fest Stage & Sound Supplies,761.69,UPI_Paytm,0
TXN_NARESH_0391,cust_naresh,K. Naresh,23R91A05F3,2026-07-22 02:51:00,Transit,TSRTC Express Bus Pass & Travel,2388.38,UPI_Paytm,0
TXN_NARESH_0392,cust_naresh,K. Naresh,23R91A05F3,2026-07-22 03:01:00,Entertainment,Prasad IMAX Hyderabad Multiplex,2096.86,UPI_PhonePe,0
TXN_NARESH_0393,cust_naresh,K. Naresh,23R91A05F3,2026-07-22 07:55:00,Groceries,Zepto 10-Min Supermarket Supplies,988.26,UPI_PhonePe,0
TXN_NARESH_0394,cust_naresh,K. Naresh,23R91A05F3,2026-07-22 12:53:00,College Activities,College Fest Stage & Sound Supplies,1735.05,UPI_PhonePe,0
TXN_NARESH_0395,cust_naresh,K. Naresh,23R91A05F3,2026-07-22 13:10:00,Healthcare,Apollo Pharmacy & Healthcare Store,1123.34,UPI_Paytm,0
TXN_NARESH_0396,cust_naresh,K. Naresh,23R91A05F3,2026-07-22 13:42:00,Sports & Fitness,Decathlon Sports India Hyderabad,1150.68,UPI_PhonePe,0
TXN_NARESH_0397,cust_naresh,K. Naresh,23R91A05F3,2026-07-22 16:56:00,Groceries,Zepto 10-Min Supermarket Supplies,1202.59,UPI_PhonePe,0
TXN_NARESH_0398,cust_naresh,K. Naresh,23R91A05F3,2026-07-22 18:34:00,Groceries,Zepto 10-Min Supermarket Supplies,1112.21,Debit_Card,0
TXN_NARESH_0399,cust_naresh,K. Naresh,23R91A05F3,2026-07-22 21:10:00,Healthcare,Apollo Pharmacy & Healthcare Store,1170.25,ATM_Cash,0
TXN_NARESH_0400,cust_naresh,K. Naresh,23R91A05F3,2026-07-23 04:45:00,Utilities,Jio 5G Annual Fiber & Recharge,1190.98,ATM_Cash,0
TXN_NARESH_0401,cust_naresh,K. Naresh,23R91A05F3,2026-07-23 06:28:00,College Activities,College Fest Stage & Sound Supplies,2431.64,Debit_Card,0
TXN_NARESH_0402,cust_naresh,K. Naresh,23R91A05F3,2026-07-23 06:46:00,Transit,TSRTC Express Bus Pass & Travel,1375.88,UPI_PhonePe,0
TXN_NARESH_0403,cust_naresh,K. Naresh,23R91A05F3,2026-07-23 07:49:00,Healthcare,Apollo Pharmacy & Healthcare Store,1515.49,UPI_PhonePe,0
TXN_NARESH_0404,cust_naresh,K. Naresh,23R91A05F3,2026-07-23 08:23:00,Entertainment,Prasad IMAX Hyderabad Multiplex,2358.32,UPI_PhonePe,0
TXN_NARESH_0405,cust_naresh,K. Naresh,23R91A05F3,2026-07-23 09:24:00,Mess & Meals,College Hostel Mess & Catering Hub,2239.32,UPI_PhonePe,0
TXN_NARESH_0406,cust_naresh,K. Naresh,23R91A05F3,2026-07-23 11:09:00,Transit,TSRTC Express Bus Pass & Travel,1109.45,ATM_Cash,0
TXN_NARESH_0407,cust_naresh,K. Naresh,23R91A05F3,2026-07-23 19:55:00,Sports & Fitness,Decathlon Sports India Hyderabad,2111.73,UPI_Paytm,0
TXN_NARESH_0408,cust_naresh,K. Naresh,23R91A05F3,2026-07-23 22:02:00,Utilities,Jio 5G Annual Fiber & Recharge,772.18,UPI_Paytm,0
TXN_NARESH_0409,cust_naresh,K. Naresh,23R91A05F3,2026-07-24 08:37:00,Mess & Meals,College Hostel Mess & Catering Hub,604.25,UPI_PhonePe,0
TXN_NARESH_0410,cust_naresh,K. Naresh,23R91A05F3,2026-07-24 09:19:00,Sports & Fitness,Decathlon Sports India Hyderabad,905.35,Debit_Card,0
TXN_NARESH_0411,cust_naresh,K. Naresh,23R91A05F3,2026-07-24 16:37:00,Entertainment,Prasad IMAX Hyderabad Multiplex,1311.37,Debit_Card,0
TXN_NARESH_0412,cust_naresh,K. Naresh,23R91A05F3,2026-07-24 17:07:00,Utilities,Jio 5G Annual Fiber & Recharge,672.15,UPI_PhonePe,0
TXN_NARESH_0413,cust_naresh,K. Naresh,23R91A05F3,2026-07-24 18:04:00,Utilities,Jio 5G Annual Fiber & Recharge,838.66,Debit_Card,0
TXN_NARESH_0414,cust_naresh,K. Naresh,23R91A05F3,2026-07-25 02:28:00,Sports & Fitness,Decathlon Sports India Hyderabad,1606.0,UPI_PhonePe,0
TXN_NARESH_0415,cust_naresh,K. Naresh,23R91A05F3,2026-07-25 06:13:00,Utilities,Jio 5G Annual Fiber & Recharge,1626.09,UPI_PhonePe,0
TXN_NARESH_0416,cust_naresh,K. Naresh,23R91A05F3,2026-07-25 08:09:00,Mess & Meals,College Hostel Mess & Catering Hub,847.2,UPI_Paytm,0
TXN_NARESH_0417,cust_naresh,K. Naresh,23R91A05F3,2026-07-25 13:57:00,College Activities,College Fest Stage & Sound Supplies,1039.35,UPI_Paytm,0
TXN_NARESH_0418,cust_naresh,K. Naresh,23R91A05F3,2026-07-25 14:49:00,Mess & Meals,College Hostel Mess & Catering Hub,920.96,UPI_PhonePe,0
TXN_NARESH_0419,cust_naresh,K. Naresh,23R91A05F3,2026-07-25 14:50:00,College Activities,College Fest Stage & Sound Supplies,801.56,UPI_PhonePe,0
TXN_NARESH_0420,cust_naresh,K. Naresh,23R91A05F3,2026-07-25 18:19:00,Mess & Meals,College Hostel Mess & Catering Hub,1005.81,ATM_Cash,0
TXN_NARESH_0421,cust_naresh,K. Naresh,23R91A05F3,2026-07-25 18:39:00,Entertainment,Prasad IMAX Hyderabad Multiplex,950.17,UPI_Paytm,0
TXN_NARESH_0422,cust_naresh,K. Naresh,23R91A05F3,2026-07-25 18:50:00,Mess & Meals,College Hostel Mess & Catering Hub,923.22,UPI_Paytm,0
TXN_NARESH_0423,cust_naresh,K. Naresh,23R91A05F3,2026-07-26 03:16:00,Healthcare,Apollo Pharmacy & Healthcare Store,1207.22,UPI_PhonePe,0
TXN_NARESH_0424,cust_naresh,K. Naresh,23R91A05F3,2026-07-26 07:36:00,Utilities,Jio 5G Annual Fiber & Recharge,1548.87,UPI_PhonePe,0
TXN_NARESH_0425,cust_naresh,K. Naresh,23R91A05F3,2026-07-26 10:42:00,Utilities,Jio 5G Annual Fiber & Recharge,612.85,UPI_PhonePe,0
TXN_NARESH_0426,cust_naresh,K. Naresh,23R91A05F3,2026-07-26 19:12:00,Utilities,Jio 5G Annual Fiber & Recharge,1027.58,UPI_PhonePe,0
TXN_NARESH_0427,cust_naresh,K. Naresh,23R91A05F3,2026-07-26 20:44:00,Transit,TSRTC Express Bus Pass & Travel,525.76,UPI_PhonePe,0
TXN_NARESH_0428,cust_naresh,K. Naresh,23R91A05F3,2026-07-26 21:50:00,Healthcare,Apollo Pharmacy & Healthcare Store,1229.46,UPI_PhonePe,0
TXN_NARESH_0429,cust_naresh,K. Naresh,23R91A05F3,2026-07-26 21:58:00,Groceries,Zepto 10-Min Supermarket Supplies,776.79,UPI_Paytm,0
TXN_NARESH_0430,cust_naresh,K. Naresh,23R91A05F3,2026-07-27 05:19:00,Sports & Fitness,Decathlon Sports India Hyderabad,1512.1,UPI_PhonePe,0
TXN_NARESH_0431,cust_naresh,K. Naresh,23R91A05F3,2026-07-27 09:06:00,Mess & Meals,College Hostel Mess & Catering Hub,1314.1,Debit_Card,0
TXN_NARESH_0432,cust_naresh,K. Naresh,23R91A05F3,2026-07-27 10:39:00,Mess & Meals,College Hostel Mess & Catering Hub,881.18,UPI_PhonePe,0
TXN_NARESH_0433,cust_naresh,K. Naresh,23R91A05F3,2026-07-27 10:50:00,Mess & Meals,College Hostel Mess & Catering Hub,2500.95,UPI_PhonePe,0
TXN_NARESH_0434,cust_naresh,K. Naresh,23R91A05F3,2026-07-27 15:27:00,Utilities,Jio 5G Annual Fiber & Recharge,790.18,UPI_PhonePe,0
TXN_NARESH_0435,cust_naresh,K. Naresh,23R91A05F3,2026-07-27 17:23:00,Sports & Fitness,Decathlon Sports India Hyderabad,1761.37,UPI_PhonePe,0
TXN_NARESH_0436,cust_naresh,K. Naresh,23R91A05F3,2026-07-27 19:46:00,Sports & Fitness,Decathlon Sports India Hyderabad,3954.92,UPI_PhonePe,0
TXN_NARESH_0437,cust_naresh,K. Naresh,23R91A05F3,2026-07-27 19:58:00,Entertainment,Prasad IMAX Hyderabad Multiplex,1112.48,ATM_Cash,0
TXN_NARESH_0438,cust_naresh,K. Naresh,23R91A05F3,2026-07-28 02:30:00,Healthcare,Apollo Pharmacy & Healthcare Store,975.92,UPI_Paytm,0
TXN_NARESH_0439,cust_naresh,K. Naresh,23R91A05F3,2026-07-28 05:02:00,Groceries,Zepto 10-Min Supermarket Supplies,1444.52,UPI_PhonePe,0
TXN_NARESH_0440,cust_naresh,K. Naresh,23R91A05F3,2026-07-28 09:20:00,Entertainment,Prasad IMAX Hyderabad Multiplex,1114.65,UPI_PhonePe,0
TXN_NARESH_0441,cust_naresh,K. Naresh,23R91A05F3,2026-07-28 11:22:00,Entertainment,Prasad IMAX Hyderabad Multiplex,550.64,UPI_Paytm,0
TXN_NARESH_0442,cust_naresh,K. Naresh,23R91A05F3,2026-07-28 15:07:00,Healthcare,Apollo Pharmacy & Healthcare Store,2177.86,UPI_Paytm,0
TXN_NARESH_0443,cust_naresh,K. Naresh,23R91A05F3,2026-07-28 15:07:00,Utilities,Jio 5G Annual Fiber & Recharge,1811.44,UPI_PhonePe,0
TXN_NARESH_0444,cust_naresh,K. Naresh,23R91A05F3,2026-07-28 16:05:00,Healthcare,Apollo Pharmacy & Healthcare Store,1034.5,UPI_Paytm,0
TXN_NARESH_0445,cust_naresh,K. Naresh,23R91A05F3,2026-07-28 18:17:00,Groceries,Zepto 10-Min Supermarket Supplies,1461.19,Debit_Card,0
TXN_NARESH_0446,cust_naresh,K. Naresh,23R91A05F3,2026-07-28 23:22:00,Entertainment,Prasad IMAX Hyderabad Multiplex,1282.52,UPI_Paytm,0
TXN_NARESH_0447,cust_naresh,K. Naresh,23R91A05F3,2026-07-29 06:52:00,Entertainment,Prasad IMAX Hyderabad Multiplex,809.75,Debit_Card,0
TXN_NARESH_0448,cust_naresh,K. Naresh,23R91A05F3,2026-07-29 08:36:00,Sports & Fitness,Decathlon Sports India Hyderabad,1343.49,Debit_Card,0
TXN_NARESH_0449,cust_naresh,K. Naresh,23R91A05F3,2026-07-29 14:49:00,Groceries,Zepto 10-Min Supermarket Supplies,428.77,Debit_Card,0
TXN_NARESH_0450,cust_naresh,K. Naresh,23R91A05F3,2026-07-29 15:23:00,Healthcare,Apollo Pharmacy & Healthcare Store,2794.22,UPI_PhonePe,0
TXN_NARESH_0451,cust_naresh,K. Naresh,23R91A05F3,2026-07-29 16:19:00,Transit,TSRTC Express Bus Pass & Travel,1285.37,UPI_Paytm,0
TXN_NARESH_0452,cust_naresh,K. Naresh,23R91A05F3,2026-07-29 17:33:00,Mess & Meals,College Hostel Mess & Catering Hub,2808.16,UPI_Paytm,0
TXN_NARESH_0453,cust_naresh,K. Naresh,23R91A05F3,2026-07-29 18:01:00,Transit,TSRTC Express Bus Pass & Travel,814.16,UPI_Paytm,0
TXN_NARESH_0454,cust_naresh,K. Naresh,23R91A05F3,2026-07-29 22:21:00,Suspicious Wire,CRYPTO_CASINO_TRX_MALTA,18709.11,ATM_Cash,1
TXN_NARESH_0455,cust_naresh,K. Naresh,23R91A05F3,2026-07-30 05:02:00,Suspicious Wire,CRYPTO_CASINO_TRX_MALTA,21531.36,UPI_PhonePe,1
TXN_NARESH_0456,cust_naresh,K. Naresh,23R91A05F3,2026-07-30 06:50:00,College Activities,College Fest Stage & Sound Supplies,905.98,UPI_PhonePe,0
TXN_NARESH_0457,cust_naresh,K. Naresh,23R91A05F3,2026-07-30 11:41:00,Healthcare,Apollo Pharmacy & Healthcare Store,1051.61,UPI_PhonePe,0
TXN_NARESH_0458,cust_naresh,K. Naresh,23R91A05F3,2026-07-30 16:05:00,Utilities,Jio 5G Annual Fiber & Recharge,1547.55,UPI_PhonePe,0
TXN_NARESH_0459,cust_naresh,K. Naresh,23R91A05F3,2026-07-30 19:06:00,Utilities,Jio 5G Annual Fiber & Recharge,588.32,UPI_PhonePe,0
TXN_NARESH_0460,cust_naresh,K. Naresh,23R91A05F3,2026-07-30 19:26:00,Utilities,Jio 5G Annual Fiber & Recharge,616.6,UPI_Paytm,0
TXN_NARESH_0461,cust_naresh,K. Naresh,23R91A05F3,2026-07-30 19:37:00,Mess & Meals,College Hostel Mess & Catering Hub,2705.37,UPI_PhonePe,0
TXN_NARESH_0462,cust_naresh,K. Naresh,23R91A05F3,2026-07-31 01:13:00,Suspicious Wire,CRYPTO_CASINO_TRX_MALTA,49743.9,UPI_Paytm,1
TXN_NARESH_0463,cust_naresh,K. Naresh,23R91A05F3,2026-07-31 08:17:00,Groceries,Zepto 10-Min Supermarket Supplies,1944.6,UPI_Paytm,0
TXN_NARESH_0464,cust_naresh,K. Naresh,23R91A05F3,2026-07-31 08:29:00,Sports & Fitness,Decathlon Sports India Hyderabad,1192.48,UPI_PhonePe,0
TXN_NARESH_0465,cust_naresh,K. Naresh,23R91A05F3,2026-07-31 20:36:00,Healthcare,Apollo Pharmacy & Healthcare Store,752.13,UPI_PhonePe,0
TXN_NARESH_0466,cust_naresh,K. Naresh,23R91A05F3,2026-07-31 21:18:00,Healthcare,Apollo Pharmacy & Healthcare Store,1052.01,UPI_Paytm,0
TXN_NARESH_0467,cust_naresh,K. Naresh,23R91A05F3,2026-07-31 22:19:00,College Activities,College Fest Stage & Sound Supplies,1023.99,UPI_Paytm,0
TXN_NARESH_0468,cust_naresh,K. Naresh,23R91A05F3,2026-08-01 00:02:00,Entertainment,Prasad IMAX Hyderabad Multiplex,1042.56,Debit_Card,0
TXN_NARESH_0469,cust_naresh,K. Naresh,23R91A05F3,2026-08-01 00:45:00,Utilities,Jio 5G Annual Fiber & Recharge,1669.35,Debit_Card,0
TXN_NARESH_0470,cust_naresh,K. Naresh,23R91A05F3,2026-08-01 02:26:00,Utilities,Jio 5G Annual Fiber & Recharge,892.77,ATM_Cash,0
TXN_NARESH_0471,cust_naresh,K. Naresh,23R91A05F3,2026-08-01 02:30:00,Entertainment,Prasad IMAX Hyderabad Multiplex,2236.1,UPI_Paytm,0
TXN_NARESH_0472,cust_naresh,K. Naresh,23R91A05F3,2026-08-01 04:53:00,Groceries,Zepto 10-Min Supermarket Supplies,1085.64,Debit_Card,0
TXN_NARESH_0473,cust_naresh,K. Naresh,23R91A05F3,2026-08-01 07:21:00,Sports & Fitness,Decathlon Sports India Hyderabad,1206.92,Debit_Card,0
TXN_NARESH_0474,cust_naresh,K. Naresh,23R91A05F3,2026-08-01 10:08:00,Sports & Fitness,Decathlon Sports India Hyderabad,971.77,Debit_Card,0
TXN_NARESH_0475,cust_naresh,K. Naresh,23R91A05F3,2026-08-01 11:46:00,Groceries,Zepto 10-Min Supermarket Supplies,835.03,UPI_PhonePe,0
TXN_NARESH_0476,cust_naresh,K. Naresh,23R91A05F3,2026-08-01 15:13:00,Healthcare,Apollo Pharmacy & Healthcare Store,1277.4,ATM_Cash,0
TXN_NARESH_0477,cust_naresh,K. Naresh,23R91A05F3,2026-08-01 15:44:00,Groceries,Zepto 10-Min Supermarket Supplies,1826.48,UPI_PhonePe,0
TXN_NARESH_0478,cust_naresh,K. Naresh,23R91A05F3,2026-08-01 16:32:00,Groceries,Zepto 10-Min Supermarket Supplies,1358.97,UPI_Paytm,0
TXN_NARESH_0479,cust_naresh,K. Naresh,23R91A05F3,2026-08-01 18:23:00,College Activities,College Fest Stage & Sound Supplies,1597.0,UPI_PhonePe,0
TXN_NARESH_0480,cust_naresh,K. Naresh,23R91A05F3,2026-08-01 19:51:00,Utilities,Jio 5G Annual Fiber & Recharge,1075.58,UPI_PhonePe,0
TXN_NARESH_0481,cust_naresh,K. Naresh,23R91A05F3,2026-08-01 22:00:00,Utilities,Jio 5G Annual Fiber & Recharge,1282.62,UPI_PhonePe,0
TXN_NARESH_0482,cust_naresh,K. Naresh,23R91A05F3,2026-08-02 04:47:00,Healthcare,Apollo Pharmacy & Healthcare Store,799.77,UPI_PhonePe,0
TXN_NARESH_0483,cust_naresh,K. Naresh,23R91A05F3,2026-08-02 06:10:00,Utilities,Jio 5G Annual Fiber & Recharge,1047.41,UPI_PhonePe,0
TXN_NARESH_0484,cust_naresh,K. Naresh,23R91A05F3,2026-08-02 08:05:00,Entertainment,Prasad IMAX Hyderabad Multiplex,1407.82,Debit_Card,0
TXN_NARESH_0485,cust_naresh,K. Naresh,23R91A05F3,2026-08-02 14:27:00,College Activities,College Fest Stage & Sound Supplies,617.76,UPI_PhonePe,0
TXN_NARESH_0486,cust_naresh,K. Naresh,23R91A05F3,2026-08-02 15:44:00,Groceries,Zepto 10-Min Supermarket Supplies,811.69,UPI_PhonePe,0
TXN_NARESH_0487,cust_naresh,K. Naresh,23R91A05F3,2026-08-02 16:24:00,Mess & Meals,College Hostel Mess & Catering Hub,1079.56,UPI_PhonePe,0
TXN_NARESH_0488,cust_naresh,K. Naresh,23R91A05F3,2026-08-02 19:30:00,Utilities,Jio 5G Annual Fiber & Recharge,2166.65,UPI_Paytm,0
TXN_NARESH_0489,cust_naresh,K. Naresh,23R91A05F3,2026-08-03 00:59:00,Groceries,Zepto 10-Min Supermarket Supplies,974.92,UPI_PhonePe,0
TXN_NARESH_0490,cust_naresh,K. Naresh,23R91A05F3,2026-08-03 02:00:00,Mess & Meals,College Hostel Mess & Catering Hub,1008.43,UPI_PhonePe,0
TXN_NARESH_0491,cust_naresh,K. Naresh,23R91A05F3,2026-08-03 03:25:00,Healthcare,Apollo Pharmacy & Healthcare Store,880.13,UPI_PhonePe,0
TXN_NARESH_0492,cust_naresh,K. Naresh,23R91A05F3,2026-08-03 12:48:00,Transit,TSRTC Express Bus Pass & Travel,803.68,UPI_Paytm,0
TXN_NARESH_0493,cust_naresh,K. Naresh,23R91A05F3,2026-08-03 14:04:00,Utilities,Jio 5G Annual Fiber & Recharge,508.16,UPI_PhonePe,0
TXN_NARESH_0494,cust_naresh,K. Naresh,23R91A05F3,2026-08-03 14:07:00,Utilities,Jio 5G Annual Fiber & Recharge,1231.14,UPI_PhonePe,0
TXN_NARESH_0495,cust_naresh,K. Naresh,23R91A05F3,2026-08-03 14:15:00,College Activities,College Fest Stage & Sound Supplies,912.57,UPI_PhonePe,0
TXN_NARESH_0496,cust_naresh,K. Naresh,23R91A05F3,2026-08-03 15:00:00,Entertainment,Prasad IMAX Hyderabad Multiplex,1442.27,ATM_Cash,0
TXN_NARESH_0497,cust_naresh,K. Naresh,23R91A05F3,2026-08-03 17:39:00,Transit,TSRTC Express Bus Pass & Travel,2510.89,UPI_PhonePe,0
TXN_NARESH_0498,cust_naresh,K. Naresh,23R91A05F3,2026-08-03 18:59:00,Utilities,Jio 5G Annual Fiber & Recharge,925.32,UPI_Paytm,0
TXN_NARESH_0499,cust_naresh,K. Naresh,23R91A05F3,2026-08-03 19:01:00,Utilities,Jio 5G Annual Fiber & Recharge,1128.27,UPI_PhonePe,0
TXN_NARESH_0500,cust_naresh,K. Naresh,23R91A05F3,2026-08-03 20:23:00,Transit,TSRTC Express Bus Pass & Travel,1220.32,UPI_PhonePe,0
TXN_NARESH_0501,cust_naresh,K. Naresh,23R91A05F3,2026-08-03 20:47:00,Groceries,Zepto 10-Min Supermarket Supplies,1424.94,UPI_PhonePe,0
TXN_NARESH_0502,cust_naresh,K. Naresh,23R91A05F3,2026-08-03 22:43:00,Healthcare,Apollo Pharmacy & Healthcare Store,1437.02,UPI_PhonePe,0
TXN_NARESH_0503,cust_naresh,K. Naresh,23R91A05F3,2026-08-04 02:42:00,Mess & Meals,College Hostel Mess & Catering Hub,1669.7,UPI_PhonePe,0
TXN_NARESH_0504,cust_naresh,K. Naresh,23R91A05F3,2026-08-04 05:08:00,Groceries,Zepto 10-Min Supermarket Supplies,1048.16,UPI_PhonePe,0
TXN_NARESH_0505,cust_naresh,K. Naresh,23R91A05F3,2026-08-04 07:15:00,Mess & Meals,College Hostel Mess & Catering Hub,1713.71,UPI_PhonePe,0
TXN_NARESH_0506,cust_naresh,K. Naresh,23R91A05F3,2026-08-04 08:23:00,College Activities,College Fest Stage & Sound Supplies,788.98,UPI_Paytm,0
TXN_NARESH_0507,cust_naresh,K. Naresh,23R91A05F3,2026-08-04 10:24:00,Utilities,Jio 5G Annual Fiber & Recharge,747.59,ATM_Cash,0
TXN_NARESH_0508,cust_naresh,K. Naresh,23R91A05F3,2026-08-04 15:49:00,Entertainment,Prasad IMAX Hyderabad Multiplex,1033.64,UPI_PhonePe,0
TXN_NARESH_0509,cust_naresh,K. Naresh,23R91A05F3,2026-08-04 16:43:00,College Activities,College Fest Stage & Sound Supplies,849.66,UPI_Paytm,0
TXN_NARESH_0510,cust_naresh,K. Naresh,23R91A05F3,2026-08-04 17:44:00,Entertainment,Prasad IMAX Hyderabad Multiplex,1218.83,ATM_Cash,0
TXN_NARESH_0511,cust_naresh,K. Naresh,23R91A05F3,2026-08-04 19:51:00,Utilities,Jio 5G Annual Fiber & Recharge,739.34,Debit_Card,0
TXN_NARESH_0512,cust_naresh,K. Naresh,23R91A05F3,2026-08-04 21:19:00,Healthcare,Apollo Pharmacy & Healthcare Store,849.83,UPI_PhonePe,0
TXN_NARESH_0513,cust_naresh,K. Naresh,23R91A05F3,2026-08-04 22:57:00,Utilities,Jio 5G Annual Fiber & Recharge,1791.58,UPI_Paytm,0
TXN_NARESH_0514,cust_naresh,K. Naresh,23R91A05F3,2026-08-04 23:00:00,Sports & Fitness,Decathlon Sports India Hyderabad,1536.03,UPI_PhonePe,0
TXN_NARESH_0515,cust_naresh,K. Naresh,23R91A05F3,2026-08-05 00:01:00,Transit,TSRTC Express Bus Pass & Travel,1780.94,UPI_Paytm,0
TXN_NARESH_0516,cust_naresh,K. Naresh,23R91A05F3,2026-08-05 00:35:00,Transit,TSRTC Express Bus Pass & Travel,1248.51,UPI_PhonePe,0
TXN_NARESH_0517,cust_naresh,K. Naresh,23R91A05F3,2026-08-05 03:24:00,College Activities,College Fest Stage & Sound Supplies,1355.07,UPI_PhonePe,0
TXN_NARESH_0518,cust_naresh,K. Naresh,23R91A05F3,2026-08-05 04:16:00,Utilities,Jio 5G Annual Fiber & Recharge,693.45,UPI_PhonePe,0
TXN_NARESH_0519,cust_naresh,K. Naresh,23R91A05F3,2026-08-05 05:04:00,Mess & Meals,College Hostel Mess & Catering Hub,1776.42,UPI_PhonePe,0
TXN_NARESH_0520,cust_naresh,K. Naresh,23R91A05F3,2026-08-05 11:00:00,Groceries,Zepto 10-Min Supermarket Supplies,872.51,UPI_Paytm,0
TXN_NARESH_0521,cust_naresh,K. Naresh,23R91A05F3,2026-08-05 13:39:00,Utilities,Jio 5G Annual Fiber & Recharge,790.7,UPI_PhonePe,0
TXN_NARESH_0522,cust_naresh,K. Naresh,23R91A05F3,2026-08-05 19:07:00,Mess & Meals,College Hostel Mess & Catering Hub,1451.45,UPI_Paytm,0
TXN_NARESH_0523,cust_naresh,K. Naresh,23R91A05F3,2026-08-05 22:39:00,Entertainment,Prasad IMAX Hyderabad Multiplex,590.84,UPI_PhonePe,0
TXN_NARESH_0524,cust_naresh,K. Naresh,23R91A05F3,2026-08-05 23:59:00,Groceries,Zepto 10-Min Supermarket Supplies,1112.68,UPI_PhonePe,0
TXN_NARESH_0525,cust_naresh,K. Naresh,23R91A05F3,2026-08-06 01:30:00,Utilities,Jio 5G Annual Fiber & Recharge,1117.72,UPI_Paytm,0
TXN_NARESH_0526,cust_naresh,K. Naresh,23R91A05F3,2026-08-06 01:58:00,Transit,TSRTC Express Bus Pass & Travel,857.23,ATM_Cash,0
TXN_NARESH_0527,cust_naresh,K. Naresh,23R91A05F3,2026-08-06 02:49:00,Healthcare,Apollo Pharmacy & Healthcare Store,1053.33,UPI_PhonePe,0
TXN_NARESH_0528,cust_naresh,K. Naresh,23R91A05F3,2026-08-06 03:21:00,Utilities,Jio 5G Annual Fiber & Recharge,1687.25,UPI_PhonePe,0
TXN_NARESH_0529,cust_naresh,K. Naresh,23R91A05F3,2026-08-06 03:33:00,Groceries,Zepto 10-Min Supermarket Supplies,1172.36,Debit_Card,0
TXN_NARESH_0530,cust_naresh,K. Naresh,23R91A05F3,2026-08-06 06:07:00,College Activities,College Fest Stage & Sound Supplies,1133.71,UPI_PhonePe,0
TXN_NARESH_0531,cust_naresh,K. Naresh,23R91A05F3,2026-08-06 14:12:00,Entertainment,Prasad IMAX Hyderabad Multiplex,1918.11,Debit_Card,0
TXN_NARESH_0532,cust_naresh,K. Naresh,23R91A05F3,2026-08-06 15:49:00,Entertainment,Prasad IMAX Hyderabad Multiplex,1136.15,UPI_Paytm,0
TXN_NARESH_0533,cust_naresh,K. Naresh,23R91A05F3,2026-08-06 20:07:00,Sports & Fitness,Decathlon Sports India Hyderabad,1696.29,UPI_PhonePe,0
TXN_NARESH_0534,cust_naresh,K. Naresh,23R91A05F3,2026-08-06 21:14:00,Mess & Meals,College Hostel Mess & Catering Hub,1074.93,UPI_PhonePe,0
TXN_NARESH_0535,cust_naresh,K. Naresh,23R91A05F3,2026-08-06 21:43:00,Groceries,Zepto 10-Min Supermarket Supplies,2257.75,UPI_PhonePe,0
TXN_NARESH_0536,cust_naresh,K. Naresh,23R91A05F3,2026-08-07 02:10:00,Utilities,Jio 5G Annual Fiber & Recharge,566.2,UPI_PhonePe,0
TXN_NARESH_0537,cust_naresh,K. Naresh,23R91A05F3,2026-08-07 02:58:00,Transit,TSRTC Express Bus Pass & Travel,612.84,Debit_Card,0
TXN_NARESH_0538,cust_naresh,K. Naresh,23R91A05F3,2026-08-07 03:55:00,Mess & Meals,College Hostel Mess & Catering Hub,2974.64,UPI_Paytm,0
TXN_NARESH_0539,cust_naresh,K. Naresh,23R91A05F3,2026-08-07 06:09:00,Transit,TSRTC Express Bus Pass & Travel,1385.9,UPI_Paytm,0
TXN_NARESH_0540,cust_naresh,K. Naresh,23R91A05F3,2026-08-07 10:49:00,Transit,TSRTC Express Bus Pass & Travel,2411.81,UPI_Paytm,0
TXN_NARESH_0541,cust_naresh,K. Naresh,23R91A05F3,2026-08-07 10:56:00,Sports & Fitness,Decathlon Sports India Hyderabad,1337.88,UPI_PhonePe,0
TXN_NARESH_0542,cust_naresh,K. Naresh,23R91A05F3,2026-08-07 13:31:00,College Activities,College Fest Stage & Sound Supplies,2005.69,UPI_Paytm,0
TXN_NARESH_0543,cust_naresh,K. Naresh,23R91A05F3,2026-08-07 14:26:00,Transit,TSRTC Express Bus Pass & Travel,1155.09,UPI_PhonePe,0
TXN_NARESH_0544,cust_naresh,K. Naresh,23R91A05F3,2026-08-07 18:48:00,Transit,TSRTC Express Bus Pass & Travel,2042.59,UPI_Paytm,0
TXN_NARESH_0545,cust_naresh,K. Naresh,23R91A05F3,2026-08-08 00:10:00,Sports & Fitness,Decathlon Sports India Hyderabad,1002.84,UPI_PhonePe,0
TXN_NARESH_0546,cust_naresh,K. Naresh,23R91A05F3,2026-08-08 06:16:00,Healthcare,Apollo Pharmacy & Healthcare Store,897.46,UPI_Paytm,0
TXN_NARESH_0547,cust_naresh,K. Naresh,23R91A05F3,2026-08-08 09:37:00,Transit,TSRTC Express Bus Pass & Travel,1271.15,Debit_Card,0
TXN_NARESH_0548,cust_naresh,K. Naresh,23R91A05F3,2026-08-08 09:50:00,Utilities,Jio 5G Annual Fiber & Recharge,2488.31,UPI_PhonePe,0
TXN_NARESH_0549,cust_naresh,K. Naresh,23R91A05F3,2026-08-08 10:11:00,Entertainment,Prasad IMAX Hyderabad Multiplex,1587.27,UPI_PhonePe,0
TXN_NARESH_0550,cust_naresh,K. Naresh,23R91A05F3,2026-08-08 14:27:00,Transit,TSRTC Express Bus Pass & Travel,1281.24,UPI_Paytm,0
TXN_NARESH_0551,cust_naresh,K. Naresh,23R91A05F3,2026-08-08 15:42:00,Utilities,Jio 5G Annual Fiber & Recharge,1175.17,UPI_PhonePe,0
TXN_NARESH_0552,cust_naresh,K. Naresh,23R91A05F3,2026-08-08 16:11:00,College Activities,College Fest Stage & Sound Supplies,1678.09,UPI_Paytm,0
TXN_NARESH_0553,cust_naresh,K. Naresh,23R91A05F3,2026-08-08 23:11:00,Groceries,Zepto 10-Min Supermarket Supplies,1043.19,ATM_Cash,0
TXN_NARESH_0554,cust_naresh,K. Naresh,23R91A05F3,2026-08-09 01:46:00,Groceries,Zepto 10-Min Supermarket Supplies,538.94,UPI_PhonePe,0
TXN_NARESH_0555,cust_naresh,K. Naresh,23R91A05F3,2026-08-09 13:46:00,College Activities,College Fest Stage & Sound Supplies,1865.51,UPI_PhonePe,0
TXN_NARESH_0556,cust_naresh,K. Naresh,23R91A05F3,2026-08-09 14:19:00,College Activities,College Fest Stage & Sound Supplies,1113.37,UPI_Paytm,0
TXN_NARESH_0557,cust_naresh,K. Naresh,23R91A05F3,2026-08-09 15:42:00,Groceries,Zepto 10-Min Supermarket Supplies,1494.29,UPI_PhonePe,0
TXN_NARESH_0558,cust_naresh,K. Naresh,23R91A05F3,2026-08-09 21:00:00,Healthcare,Apollo Pharmacy & Healthcare Store,2295.04,UPI_PhonePe,0
TXN_NARESH_0559,cust_naresh,K. Naresh,23R91A05F3,2026-08-10 00:21:00,Transit,TSRTC Express Bus Pass & Travel,1136.5,Debit_Card,0
TXN_NARESH_0560,cust_naresh,K. Naresh,23R91A05F3,2026-08-10 01:04:00,Entertainment,Prasad IMAX Hyderabad Multiplex,1043.18,UPI_Paytm,0
TXN_NARESH_0561,cust_naresh,K. Naresh,23R91A05F3,2026-08-10 02:28:00,Healthcare,Apollo Pharmacy & Healthcare Store,602.55,UPI_PhonePe,0
TXN_NARESH_0562,cust_naresh,K. Naresh,23R91A05F3,2026-08-10 06:50:00,Sports & Fitness,Decathlon Sports India Hyderabad,1445.17,UPI_PhonePe,0
TXN_NARESH_0563,cust_naresh,K. Naresh,23R91A05F3,2026-08-10 13:39:00,Mess & Meals,College Hostel Mess & Catering Hub,750.43,UPI_Paytm,0
TXN_NARESH_0564,cust_naresh,K. Naresh,23R91A05F3,2026-08-10 19:31:00,Mess & Meals,College Hostel Mess & Catering Hub,1488.52,UPI_Paytm,0
TXN_NARESH_0565,cust_naresh,K. Naresh,23R91A05F3,2026-08-10 21:54:00,Utilities,Jio 5G Annual Fiber & Recharge,809.98,Debit_Card,0
TXN_NARESH_0566,cust_naresh,K. Naresh,23R91A05F3,2026-08-10 23:35:00,Healthcare,Apollo Pharmacy & Healthcare Store,2550.24,UPI_PhonePe,0
TXN_NARESH_0567,cust_naresh,K. Naresh,23R91A05F3,2026-08-10 23:53:00,Utilities,Jio 5G Annual Fiber & Recharge,1744.91,Debit_Card,0
TXN_NARESH_0568,cust_naresh,K. Naresh,23R91A05F3,2026-08-11 01:04:00,Transit,TSRTC Express Bus Pass & Travel,1015.92,UPI_Paytm,0
TXN_NARESH_0569,cust_naresh,K. Naresh,23R91A05F3,2026-08-11 03:33:00,Groceries,Zepto 10-Min Supermarket Supplies,1225.39,UPI_Paytm,0
TXN_NARESH_0570,cust_naresh,K. Naresh,23R91A05F3,2026-08-11 03:51:00,Healthcare,Apollo Pharmacy & Healthcare Store,1227.51,UPI_Paytm,0
TXN_NARESH_0571,cust_naresh,K. Naresh,23R91A05F3,2026-08-11 07:09:00,Healthcare,Apollo Pharmacy & Healthcare Store,2234.16,UPI_PhonePe,0
TXN_NARESH_0572,cust_naresh,K. Naresh,23R91A05F3,2026-08-11 09:44:00,Utilities,Jio 5G Annual Fiber & Recharge,1172.84,ATM_Cash,0
TXN_NARESH_0573,cust_naresh,K. Naresh,23R91A05F3,2026-08-11 13:08:00,Transit,TSRTC Express Bus Pass & Travel,3172.14,UPI_PhonePe,0
TXN_NARESH_0574,cust_naresh,K. Naresh,23R91A05F3,2026-08-11 13:25:00,Sports & Fitness,Decathlon Sports India Hyderabad,782.26,UPI_PhonePe,0
TXN_NARESH_0575,cust_naresh,K. Naresh,23R91A05F3,2026-08-11 13:51:00,Sports & Fitness,Decathlon Sports India Hyderabad,1031.97,Debit_Card,0
TXN_NARESH_0576,cust_naresh,K. Naresh,23R91A05F3,2026-08-11 16:30:00,Mess & Meals,College Hostel Mess & Catering Hub,2874.28,UPI_Paytm,0
TXN_NARESH_0577,cust_naresh,K. Naresh,23R91A05F3,2026-08-11 18:10:00,Sports & Fitness,Decathlon Sports India Hyderabad,2065.23,Debit_Card,0
TXN_NARESH_0578,cust_naresh,K. Naresh,23R91A05F3,2026-08-11 19:12:00,Sports & Fitness,Decathlon Sports India Hyderabad,918.47,UPI_Paytm,0
TXN_NARESH_0579,cust_naresh,K. Naresh,23R91A05F3,2026-08-11 20:04:00,Sports & Fitness,Decathlon Sports India Hyderabad,1506.29,UPI_PhonePe,0
TXN_NARESH_0580,cust_naresh,K. Naresh,23R91A05F3,2026-08-12 02:15:00,Entertainment,Prasad IMAX Hyderabad Multiplex,1291.32,Debit_Card,0
TXN_NARESH_0581,cust_naresh,K. Naresh,23R91A05F3,2026-08-12 02:19:00,Mess & Meals,College Hostel Mess & Catering Hub,1137.02,UPI_PhonePe,0
TXN_NARESH_0582,cust_naresh,K. Naresh,23R91A05F3,2026-08-12 10:13:00,Mess & Meals,College Hostel Mess & Catering Hub,1269.51,Debit_Card,0
TXN_NARESH_0583,cust_naresh,K. Naresh,23R91A05F3,2026-08-12 10:46:00,Groceries,Zepto 10-Min Supermarket Supplies,1006.71,UPI_PhonePe,0
TXN_NARESH_0584,cust_naresh,K. Naresh,23R91A05F3,2026-08-12 11:04:00,Healthcare,Apollo Pharmacy & Healthcare Store,390.32,Debit_Card,0
TXN_NARESH_0585,cust_naresh,K. Naresh,23R91A05F3,2026-08-12 15:08:00,Sports & Fitness,Decathlon Sports India Hyderabad,1144.58,UPI_PhonePe,0
TXN_NARESH_0586,cust_naresh,K. Naresh,23R91A05F3,2026-08-13 00:25:00,Sports & Fitness,Decathlon Sports India Hyderabad,914.99,UPI_Paytm,0
TXN_NARESH_0587,cust_naresh,K. Naresh,23R91A05F3,2026-08-13 01:18:00,Entertainment,Prasad IMAX Hyderabad Multiplex,649.57,Debit_Card,0
TXN_NARESH_0588,cust_naresh,K. Naresh,23R91A05F3,2026-08-13 05:21:00,College Activities,College Fest Stage & Sound Supplies,1384.52,UPI_PhonePe,0
TXN_NARESH_0589,cust_naresh,K. Naresh,23R91A05F3,2026-08-13 08:23:00,Healthcare,Apollo Pharmacy & Healthcare Store,1423.21,UPI_Paytm,0
TXN_NARESH_0590,cust_naresh,K. Naresh,23R91A05F3,2026-08-13 10:43:00,Groceries,Zepto 10-Min Supermarket Supplies,2409.16,Debit_Card,0
TXN_NARESH_0591,cust_naresh,K. Naresh,23R91A05F3,2026-08-13 15:12:00,Transit,TSRTC Express Bus Pass & Travel,2092.23,UPI_Paytm,0
TXN_NARESH_0592,cust_naresh,K. Naresh,23R91A05F3,2026-08-13 23:18:00,Groceries,Zepto 10-Min Supermarket Supplies,1992.83,Debit_Card,0
TXN_NARESH_0593,cust_naresh,K. Naresh,23R91A05F3,2026-08-14 04:00:00,Healthcare,Apollo Pharmacy & Healthcare Store,1085.39,UPI_PhonePe,0
TXN_NARESH_0594,cust_naresh,K. Naresh,23R91A05F3,2026-08-14 04:01:00,Entertainment,Prasad IMAX Hyderabad Multiplex,981.12,UPI_PhonePe,0
TXN_NARESH_0595,cust_naresh,K. Naresh,23R91A05F3,2026-08-14 05:54:00,Entertainment,Prasad IMAX Hyderabad Multiplex,1339.29,UPI_PhonePe,0
TXN_NARESH_0596,cust_naresh,K. Naresh,23R91A05F3,2026-08-14 11:28:00,Groceries,Zepto 10-Min Supermarket Supplies,1054.22,UPI_PhonePe,0
TXN_NARESH_0597,cust_naresh,K. Naresh,23R91A05F3,2026-08-14 13:19:00,Sports & Fitness,Decathlon Sports India Hyderabad,2840.89,UPI_PhonePe,0
TXN_NARESH_0598,cust_naresh,K. Naresh,23R91A05F3,2026-08-14 23:45:00,Healthcare,Apollo Pharmacy & Healthcare Store,685.01,UPI_Paytm,0
TXN_NARESH_0599,cust_naresh,K. Naresh,23R91A05F3,2026-08-15 02:49:00,College Activities,College Fest Stage & Sound Supplies,1002.56,UPI_PhonePe,0
TXN_NARESH_0600,cust_naresh,K. Naresh,23R91A05F3,2026-08-15 03:24:00,Entertainment,Prasad IMAX Hyderabad Multiplex,562.98,UPI_PhonePe,0
TXN_NARESH_0601,cust_naresh,K. Naresh,23R91A05F3,2026-08-15 04:24:00,Mess & Meals,College Hostel Mess & Catering Hub,757.05,UPI_PhonePe,0
TXN_NARESH_0602,cust_naresh,K. Naresh,23R91A05F3,2026-08-15 06:22:00,Entertainment,Prasad IMAX Hyderabad Multiplex,1992.74,Debit_Card,0
TXN_NARESH_0603,cust_naresh,K. Naresh,23R91A05F3,2026-08-15 08:26:00,College Activities,College Fest Stage & Sound Supplies,1334.77,UPI_Paytm,0
TXN_NARESH_0604,cust_naresh,K. Naresh,23R91A05F3,2026-08-15 09:15:00,Mess & Meals,College Hostel Mess & Catering Hub,1798.28,UPI_PhonePe,0
TXN_NARESH_0605,cust_naresh,K. Naresh,23R91A05F3,2026-08-15 10:36:00,Transit,TSRTC Express Bus Pass & Travel,1378.56,Debit_Card,0
TXN_NARESH_0606,cust_naresh,K. Naresh,23R91A05F3,2026-08-15 12:04:00,Sports & Fitness,Decathlon Sports India Hyderabad,1238.92,UPI_PhonePe,0
TXN_NARESH_0607,cust_naresh,K. Naresh,23R91A05F3,2026-08-15 18:00:00,Mess & Meals,College Hostel Mess & Catering Hub,2869.4,ATM_Cash,0
TXN_NARESH_0608,cust_naresh,K. Naresh,23R91A05F3,2026-08-16 00:20:00,Healthcare,Apollo Pharmacy & Healthcare Store,1186.93,UPI_Paytm,0
TXN_NARESH_0609,cust_naresh,K. Naresh,23R91A05F3,2026-08-16 02:17:00,Groceries,Zepto 10-Min Supermarket Supplies,2318.41,UPI_PhonePe,0
TXN_NARESH_0610,cust_naresh,K. Naresh,23R91A05F3,2026-08-16 11:07:00,Utilities,Jio 5G Annual Fiber & Recharge,1196.85,UPI_Paytm,0
TXN_NARESH_0611,cust_naresh,K. Naresh,23R91A05F3,2026-08-16 15:50:00,Utilities,Jio 5G Annual Fiber & Recharge,605.18,UPI_Paytm,0
TXN_NARESH_0612,cust_naresh,K. Naresh,23R91A05F3,2026-08-16 16:40:00,Transit,TSRTC Express Bus Pass & Travel,1446.8,UPI_PhonePe,0
TXN_NARESH_0613,cust_naresh,K. Naresh,23R91A05F3,2026-08-16 18:10:00,Utilities,Jio 5G Annual Fiber & Recharge,1166.95,Debit_Card,0
TXN_NARESH_0614,cust_naresh,K. Naresh,23R91A05F3,2026-08-16 23:17:00,Healthcare,Apollo Pharmacy & Healthcare Store,665.82,UPI_PhonePe,0
TXN_NARESH_0615,cust_naresh,K. Naresh,23R91A05F3,2026-08-17 03:00:00,Groceries,Zepto 10-Min Supermarket Supplies,1981.96,UPI_PhonePe,0
TXN_NARESH_0616,cust_naresh,K. Naresh,23R91A05F3,2026-08-17 03:56:00,Healthcare,Apollo Pharmacy & Healthcare Store,1643.1,UPI_PhonePe,0
TXN_NARESH_0617,cust_naresh,K. Naresh,23R91A05F3,2026-08-17 07:54:00,Healthcare,Apollo Pharmacy & Healthcare Store,615.54,UPI_PhonePe,0
TXN_NARESH_0618,cust_naresh,K. Naresh,23R91A05F3,2026-08-17 08:10:00,Groceries,Zepto 10-Min Supermarket Supplies,1772.84,UPI_PhonePe,0
TXN_NARESH_0619,cust_naresh,K. Naresh,23R91A05F3,2026-08-17 10:38:00,Sports & Fitness,Decathlon Sports India Hyderabad,1209.76,Debit_Card,0
TXN_NARESH_0620,cust_naresh,K. Naresh,23R91A05F3,2026-08-17 19:01:00,Utilities,Jio 5G Annual Fiber & Recharge,1391.54,UPI_PhonePe,0
TXN_NARESH_0621,cust_naresh,K. Naresh,23R91A05F3,2026-08-18 00:45:00,Sports & Fitness,Decathlon Sports India Hyderabad,1042.38,UPI_PhonePe,0
TXN_NARESH_0622,cust_naresh,K. Naresh,23R91A05F3,2026-08-18 01:10:00,Mess & Meals,College Hostel Mess & Catering Hub,1178.9,UPI_Paytm,0
TXN_NARESH_0623,cust_naresh,K. Naresh,23R91A05F3,2026-08-18 01:59:00,Transit,TSRTC Express Bus Pass & Travel,1337.54,Debit_Card,0
TXN_NARESH_0624,cust_naresh,K. Naresh,23R91A05F3,2026-08-18 06:17:00,Healthcare,Apollo Pharmacy & Healthcare Store,1455.55,ATM_Cash,0
TXN_NARESH_0625,cust_naresh,K. Naresh,23R91A05F3,2026-08-18 10:04:00,Groceries,Zepto 10-Min Supermarket Supplies,2473.31,UPI_Paytm,0
TXN_NARESH_0626,cust_naresh,K. Naresh,23R91A05F3,2026-08-18 12:06:00,Sports & Fitness,Decathlon Sports India Hyderabad,1862.86,ATM_Cash,0
TXN_NARESH_0627,cust_naresh,K. Naresh,23R91A05F3,2026-08-18 16:16:00,Groceries,Zepto 10-Min Supermarket Supplies,1046.31,UPI_Paytm,0
TXN_NARESH_0628,cust_naresh,K. Naresh,23R91A05F3,2026-08-18 20:42:00,College Activities,College Fest Stage & Sound Supplies,691.25,ATM_Cash,0
TXN_NARESH_0629,cust_naresh,K. Naresh,23R91A05F3,2026-08-18 21:26:00,Transit,TSRTC Express Bus Pass & Travel,1016.47,UPI_Paytm,0
TXN_NARESH_0630,cust_naresh,K. Naresh,23R91A05F3,2026-08-19 00:07:00,Sports & Fitness,Decathlon Sports India Hyderabad,1122.0,UPI_PhonePe,0
TXN_NARESH_0631,cust_naresh,K. Naresh,23R91A05F3,2026-08-19 01:42:00,Transit,TSRTC Express Bus Pass & Travel,1227.07,UPI_PhonePe,0
TXN_NARESH_0632,cust_naresh,K. Naresh,23R91A05F3,2026-08-19 06:33:00,Groceries,Zepto 10-Min Supermarket Supplies,1398.53,UPI_Paytm,0
TXN_NARESH_0633,cust_naresh,K. Naresh,23R91A05F3,2026-08-19 10:05:00,College Activities,College Fest Stage & Sound Supplies,872.05,UPI_PhonePe,0
TXN_NARESH_0634,cust_naresh,K. Naresh,23R91A05F3,2026-08-19 10:40:00,Transit,TSRTC Express Bus Pass & Travel,1347.01,UPI_PhonePe,0
TXN_NARESH_0635,cust_naresh,K. Naresh,23R91A05F3,2026-08-19 13:29:00,Groceries,Zepto 10-Min Supermarket Supplies,2049.81,UPI_Paytm,0
TXN_NARESH_0636,cust_naresh,K. Naresh,23R91A05F3,2026-08-19 14:19:00,Transit,TSRTC Express Bus Pass & Travel,661.49,Debit_Card,0
TXN_NARESH_0637,cust_naresh,K. Naresh,23R91A05F3,2026-08-19 18:27:00,Sports & Fitness,Decathlon Sports India Hyderabad,1711.89,UPI_PhonePe,0
TXN_NARESH_0638,cust_naresh,K. Naresh,23R91A05F3,2026-08-19 21:15:00,Healthcare,Apollo Pharmacy & Healthcare Store,2308.35,UPI_Paytm,0
TXN_NARESH_0639,cust_naresh,K. Naresh,23R91A05F3,2026-08-20 02:15:00,Transit,TSRTC Express Bus Pass & Travel,796.55,UPI_Paytm,0
TXN_NARESH_0640,cust_naresh,K. Naresh,23R91A05F3,2026-08-20 05:16:00,Sports & Fitness,Decathlon Sports India Hyderabad,1643.77,ATM_Cash,0
TXN_NARESH_0641,cust_naresh,K. Naresh,23R91A05F3,2026-08-20 15:00:00,Suspicious Wire,CRYPTO_CASINO_TRX_MALTA,49041.84,Debit_Card,1
TXN_NARESH_0642,cust_naresh,K. Naresh,23R91A05F3,2026-08-20 15:47:00,Utilities,Jio 5G Annual Fiber & Recharge,710.1,UPI_Paytm,0
TXN_NARESH_0643,cust_naresh,K. Naresh,23R91A05F3,2026-08-20 16:20:00,Transit,TSRTC Express Bus Pass & Travel,1453.95,UPI_Paytm,0
TXN_NARESH_0644,cust_naresh,K. Naresh,23R91A05F3,2026-08-20 16:21:00,Sports & Fitness,Decathlon Sports India Hyderabad,1291.16,UPI_PhonePe,0
TXN_NARESH_0645,cust_naresh,K. Naresh,23R91A05F3,2026-08-20 20:13:00,Mess & Meals,College Hostel Mess & Catering Hub,1248.97,UPI_Paytm,0
TXN_NARESH_0646,cust_naresh,K. Naresh,23R91A05F3,2026-08-20 22:28:00,Groceries,Zepto 10-Min Supermarket Supplies,2283.88,UPI_Paytm,0
TXN_NARESH_0647,cust_naresh,K. Naresh,23R91A05F3,2026-08-21 01:42:00,College Activities,College Fest Stage & Sound Supplies,1237.73,Debit_Card,0
TXN_NARESH_0648,cust_naresh,K. Naresh,23R91A05F3,2026-08-21 02:38:00,Transit,TSRTC Express Bus Pass & Travel,2107.46,UPI_Paytm,0
TXN_NARESH_0649,cust_naresh,K. Naresh,23R91A05F3,2026-08-21 09:03:00,Mess & Meals,College Hostel Mess & Catering Hub,732.92,UPI_PhonePe,0
TXN_NARESH_0650,cust_naresh,K. Naresh,23R91A05F3,2026-08-21 13:44:00,Mess & Meals,College Hostel Mess & Catering Hub,1562.4,UPI_Paytm,0
TXN_NARESH_0651,cust_naresh,K. Naresh,23R91A05F3,2026-08-21 14:01:00,Mess & Meals,College Hostel Mess & Catering Hub,781.77,UPI_PhonePe,0
TXN_NARESH_0652,cust_naresh,K. Naresh,23R91A05F3,2026-08-21 20:03:00,Transit,TSRTC Express Bus Pass & Travel,669.59,UPI_PhonePe,0
TXN_NARESH_0653,cust_naresh,K. Naresh,23R91A05F3,2026-08-22 00:06:00,Sports & Fitness,Decathlon Sports India Hyderabad,1338.01,UPI_PhonePe,0
TXN_NARESH_0654,cust_naresh,K. Naresh,23R91A05F3,2026-08-22 00:18:00,Mess & Meals,College Hostel Mess & Catering Hub,2344.04,UPI_PhonePe,0
TXN_NARESH_0655,cust_naresh,K. Naresh,23R91A05F3,2026-08-22 02:03:00,Utilities,Jio 5G Annual Fiber & Recharge,1136.62,Debit_Card,0
TXN_NARESH_0656,cust_naresh,K. Naresh,23R91A05F3,2026-08-22 03:21:00,College Activities,College Fest Stage & Sound Supplies,787.0,UPI_PhonePe,0
TXN_NARESH_0657,cust_naresh,K. Naresh,23R91A05F3,2026-08-22 04:55:00,Mess & Meals,College Hostel Mess & Catering Hub,1424.2,UPI_PhonePe,0
TXN_NARESH_0658,cust_naresh,K. Naresh,23R91A05F3,2026-08-22 07:07:00,Mess & Meals,College Hostel Mess & Catering Hub,620.08,ATM_Cash,0
TXN_NARESH_0659,cust_naresh,K. Naresh,23R91A05F3,2026-08-22 11:06:00,Mess & Meals,College Hostel Mess & Catering Hub,714.16,UPI_PhonePe,0
TXN_NARESH_0660,cust_naresh,K. Naresh,23R91A05F3,2026-08-23 00:22:00,Mess & Meals,College Hostel Mess & Catering Hub,1316.05,UPI_PhonePe,0
TXN_NARESH_0661,cust_naresh,K. Naresh,23R91A05F3,2026-08-23 00:44:00,Groceries,Zepto 10-Min Supermarket Supplies,1089.28,UPI_PhonePe,0
TXN_NARESH_0662,cust_naresh,K. Naresh,23R91A05F3,2026-08-23 00:57:00,Healthcare,Apollo Pharmacy & Healthcare Store,1251.15,UPI_PhonePe,0
TXN_NARESH_0663,cust_naresh,K. Naresh,23R91A05F3,2026-08-23 06:24:00,College Activities,College Fest Stage & Sound Supplies,3945.49,UPI_PhonePe,0
TXN_NARESH_0664,cust_naresh,K. Naresh,23R91A05F3,2026-08-23 16:20:00,Utilities,Jio 5G Annual Fiber & Recharge,1089.11,UPI_PhonePe,0
TXN_NARESH_0665,cust_naresh,K. Naresh,23R91A05F3,2026-08-23 22:09:00,Mess & Meals,College Hostel Mess & Catering Hub,2408.38,UPI_Paytm,0
TXN_NARESH_0666,cust_naresh,K. Naresh,23R91A05F3,2026-08-23 22:22:00,Utilities,Jio 5G Annual Fiber & Recharge,1329.55,UPI_PhonePe,0
TXN_NARESH_0667,cust_naresh,K. Naresh,23R91A05F3,2026-08-24 08:21:00,College Activities,College Fest Stage & Sound Supplies,1503.77,UPI_PhonePe,0
TXN_NARESH_0668,cust_naresh,K. Naresh,23R91A05F3,2026-08-24 14:24:00,Groceries,Zepto 10-Min Supermarket Supplies,775.81,Debit_Card,0
TXN_NARESH_0669,cust_naresh,K. Naresh,23R91A05F3,2026-08-24 20:40:00,College Activities,College Fest Stage & Sound Supplies,1416.24,UPI_PhonePe,0
TXN_NARESH_0670,cust_naresh,K. Naresh,23R91A05F3,2026-08-25 05:45:00,Sports & Fitness,Decathlon Sports India Hyderabad,437.72,Debit_Card,0
TXN_NARESH_0671,cust_naresh,K. Naresh,23R91A05F3,2026-08-25 05:50:00,Groceries,Zepto 10-Min Supermarket Supplies,1716.8,UPI_PhonePe,0
TXN_NARESH_0672,cust_naresh,K. Naresh,23R91A05F3,2026-08-25 07:07:00,Utilities,Jio 5G Annual Fiber & Recharge,1746.78,UPI_PhonePe,0
TXN_NARESH_0673,cust_naresh,K. Naresh,23R91A05F3,2026-08-25 09:05:00,Utilities,Jio 5G Annual Fiber & Recharge,1423.44,UPI_Paytm,0
TXN_NARESH_0674,cust_naresh,K. Naresh,23R91A05F3,2026-08-25 16:03:00,Entertainment,Prasad IMAX Hyderabad Multiplex,2251.48,UPI_PhonePe,0
TXN_NARESH_0675,cust_naresh,K. Naresh,23R91A05F3,2026-08-25 19:42:00,Entertainment,Prasad IMAX Hyderabad Multiplex,1445.18,UPI_PhonePe,0
TXN_NARESH_0676,cust_naresh,K. Naresh,23R91A05F3,2026-08-25 19:50:00,Transit,TSRTC Express Bus Pass & Travel,1178.06,UPI_Paytm,0
TXN_NARESH_0677,cust_naresh,K. Naresh,23R91A05F3,2026-08-25 20:01:00,Sports & Fitness,Decathlon Sports India Hyderabad,752.28,UPI_PhonePe,0
TXN_NARESH_0678,cust_naresh,K. Naresh,23R91A05F3,2026-08-25 23:50:00,Transit,TSRTC Express Bus Pass & Travel,647.2,UPI_Paytm,0
TXN_NARESH_0679,cust_naresh,K. Naresh,23R91A05F3,2026-08-26 00:57:00,Groceries,Zepto 10-Min Supermarket Supplies,1604.31,Debit_Card,0
TXN_NARESH_0680,cust_naresh,K. Naresh,23R91A05F3,2026-08-26 01:04:00,Groceries,Zepto 10-Min Supermarket Supplies,1320.92,UPI_PhonePe,0
TXN_NARESH_0681,cust_naresh,K. Naresh,23R91A05F3,2026-08-26 02:08:00,Groceries,Zepto 10-Min Supermarket Supplies,1863.35,UPI_Paytm,0
TXN_NARESH_0682,cust_naresh,K. Naresh,23R91A05F3,2026-08-26 03:35:00,Healthcare,Apollo Pharmacy & Healthcare Store,808.16,UPI_Paytm,0
TXN_NARESH_0683,cust_naresh,K. Naresh,23R91A05F3,2026-08-26 04:25:00,Utilities,Jio 5G Annual Fiber & Recharge,987.61,ATM_Cash,0
TXN_NARESH_0684,cust_naresh,K. Naresh,23R91A05F3,2026-08-26 07:35:00,College Activities,College Fest Stage & Sound Supplies,1169.14,Debit_Card,0
TXN_NARESH_0685,cust_naresh,K. Naresh,23R91A05F3,2026-08-26 08:30:00,Utilities,Jio 5G Annual Fiber & Recharge,1347.9,Debit_Card,0
TXN_NARESH_0686,cust_naresh,K. Naresh,23R91A05F3,2026-08-26 09:23:00,Groceries,Zepto 10-Min Supermarket Supplies,1680.26,UPI_PhonePe,0
TXN_NARESH_0687,cust_naresh,K. Naresh,23R91A05F3,2026-08-26 15:42:00,Utilities,Jio 5G Annual Fiber & Recharge,1057.92,UPI_Paytm,0
TXN_NARESH_0688,cust_naresh,K. Naresh,23R91A05F3,2026-08-26 22:27:00,Healthcare,Apollo Pharmacy & Healthcare Store,881.18,UPI_PhonePe,0
TXN_NARESH_0689,cust_naresh,K. Naresh,23R91A05F3,2026-08-27 02:51:00,Healthcare,Apollo Pharmacy & Healthcare Store,1019.56,UPI_PhonePe,0
TXN_NARESH_0690,cust_naresh,K. Naresh,23R91A05F3,2026-08-27 03:02:00,Entertainment,Prasad IMAX Hyderabad Multiplex,869.38,Debit_Card,0
TXN_NARESH_0691,cust_naresh,K. Naresh,23R91A05F3,2026-08-27 06:41:00,Groceries,Zepto 10-Min Supermarket Supplies,985.5,UPI_PhonePe,0
TXN_NARESH_0692,cust_naresh,K. Naresh,23R91A05F3,2026-08-27 10:56:00,Healthcare,Apollo Pharmacy & Healthcare Store,806.01,ATM_Cash,0
TXN_NARESH_0693,cust_naresh,K. Naresh,23R91A05F3,2026-08-27 17:28:00,Groceries,Zepto 10-Min Supermarket Supplies,878.16,UPI_PhonePe,0
TXN_NARESH_0694,cust_naresh,K. Naresh,23R91A05F3,2026-08-27 19:41:00,Transit,TSRTC Express Bus Pass & Travel,2384.81,Debit_Card,0
TXN_NARESH_0695,cust_naresh,K. Naresh,23R91A05F3,2026-08-27 20:24:00,Groceries,Zepto 10-Min Supermarket Supplies,1731.78,UPI_PhonePe,0
TXN_NARESH_0696,cust_naresh,K. Naresh,23R91A05F3,2026-08-27 22:22:00,Mess & Meals,College Hostel Mess & Catering Hub,776.75,UPI_PhonePe,0
TXN_NARESH_0697,cust_naresh,K. Naresh,23R91A05F3,2026-08-28 00:20:00,Healthcare,Apollo Pharmacy & Healthcare Store,2165.69,UPI_PhonePe,0
TXN_NARESH_0698,cust_naresh,K. Naresh,23R91A05F3,2026-08-28 01:09:00,Utilities,Jio 5G Annual Fiber & Recharge,1045.18,UPI_Paytm,0
TXN_NARESH_0699,cust_naresh,K. Naresh,23R91A05F3,2026-08-28 04:29:00,Transit,TSRTC Express Bus Pass & Travel,1528.04,UPI_PhonePe,0
TXN_NARESH_0700,cust_naresh,K. Naresh,23R91A05F3,2026-08-28 05:20:00,Mess & Meals,College Hostel Mess & Catering Hub,945.33,UPI_Paytm,0
TXN_NARESH_0701,cust_naresh,K. Naresh,23R91A05F3,2026-08-28 07:22:00,Sports & Fitness,Decathlon Sports India Hyderabad,1157.9,UPI_PhonePe,0
TXN_NARESH_0702,cust_naresh,K. Naresh,23R91A05F3,2026-08-28 08:10:00,Healthcare,Apollo Pharmacy & Healthcare Store,954.25,UPI_PhonePe,0
TXN_NARESH_0703,cust_naresh,K. Naresh,23R91A05F3,2026-08-28 10:54:00,Utilities,Jio 5G Annual Fiber & Recharge,778.61,UPI_PhonePe,0
TXN_NARESH_0704,cust_naresh,K. Naresh,23R91A05F3,2026-08-28 12:53:00,Utilities,Jio 5G Annual Fiber & Recharge,1561.51,UPI_PhonePe,0
TXN_NARESH_0705,cust_naresh,K. Naresh,23R91A05F3,2026-08-28 22:26:00,Transit,TSRTC Express Bus Pass & Travel,2929.89,Debit_Card,0
TXN_NARESH_0706,cust_naresh,K. Naresh,23R91A05F3,2026-08-29 02:27:00,Groceries,Zepto 10-Min Supermarket Supplies,746.17,Debit_Card,0
TXN_NARESH_0707,cust_naresh,K. Naresh,23R91A05F3,2026-08-29 03:31:00,Transit,TSRTC Express Bus Pass & Travel,2320.87,UPI_PhonePe,0
TXN_NARESH_0708,cust_naresh,K. Naresh,23R91A05F3,2026-08-29 05:49:00,College Activities,College Fest Stage & Sound Supplies,1450.22,UPI_Paytm,0
TXN_NARESH_0709,cust_naresh,K. Naresh,23R91A05F3,2026-08-29 06:48:00,Entertainment,Prasad IMAX Hyderabad Multiplex,1084.84,UPI_Paytm,0
TXN_NARESH_0710,cust_naresh,K. Naresh,23R91A05F3,2026-08-29 07:39:00,Healthcare,Apollo Pharmacy & Healthcare Store,2281.39,UPI_PhonePe,0
TXN_NARESH_0711,cust_naresh,K. Naresh,23R91A05F3,2026-08-29 09:16:00,College Activities,College Fest Stage & Sound Supplies,1279.44,UPI_PhonePe,0
TXN_NARESH_0712,cust_naresh,K. Naresh,23R91A05F3,2026-08-29 12:49:00,Healthcare,Apollo Pharmacy & Healthcare Store,2741.81,UPI_Paytm,0
TXN_NARESH_0713,cust_naresh,K. Naresh,23R91A05F3,2026-08-29 16:25:00,Healthcare,Apollo Pharmacy & Healthcare Store,698.16,UPI_PhonePe,0
TXN_NARESH_0714,cust_naresh,K. Naresh,23R91A05F3,2026-08-29 19:13:00,Sports & Fitness,Decathlon Sports India Hyderabad,1123.27,UPI_PhonePe,0
TXN_NARESH_0715,cust_naresh,K. Naresh,23R91A05F3,2026-08-30 00:27:00,Groceries,Zepto 10-Min Supermarket Supplies,1213.13,UPI_PhonePe,0
TXN_NARESH_0716,cust_naresh,K. Naresh,23R91A05F3,2026-08-30 03:14:00,Suspicious Wire,CRYPTO_CASINO_TRX_MALTA,37715.15,UPI_Paytm,1
TXN_NARESH_0717,cust_naresh,K. Naresh,23R91A05F3,2026-08-30 05:47:00,Sports & Fitness,Decathlon Sports India Hyderabad,1554.13,UPI_PhonePe,0
TXN_NARESH_0718,cust_naresh,K. Naresh,23R91A05F3,2026-08-30 06:17:00,Healthcare,Apollo Pharmacy & Healthcare Store,780.79,UPI_PhonePe,0
TXN_NARESH_0719,cust_naresh,K. Naresh,23R91A05F3,2026-08-30 10:22:00,Groceries,Zepto 10-Min Supermarket Supplies,2642.84,UPI_PhonePe,0
TXN_NARESH_0720,cust_naresh,K. Naresh,23R91A05F3,2026-08-30 10:44:00,Utilities,Jio 5G Annual Fiber & Recharge,1801.7,UPI_PhonePe,0
TXN_NARESH_0721,cust_naresh,K. Naresh,23R91A05F3,2026-08-30 12:03:00,Healthcare,Apollo Pharmacy & Healthcare Store,1167.6,UPI_PhonePe,0
TXN_NARESH_0722,cust_naresh,K. Naresh,23R91A05F3,2026-08-30 12:17:00,Healthcare,Apollo Pharmacy & Healthcare Store,891.68,Debit_Card,0
TXN_NARESH_0723,cust_naresh,K. Naresh,23R91A05F3,2026-08-30 14:48:00,Mess & Meals,College Hostel Mess & Catering Hub,1358.33,UPI_PhonePe,0
TXN_NARESH_0724,cust_naresh,K. Naresh,23R91A05F3,2026-08-30 15:55:00,Groceries,Zepto 10-Min Supermarket Supplies,866.6,UPI_Paytm,0
TXN_NARESH_0725,cust_naresh,K. Naresh,23R91A05F3,2026-08-30 16:52:00,Transit,TSRTC Express Bus Pass & Travel,773.34,UPI_PhonePe,0
TXN_NARESH_0726,cust_naresh,K. Naresh,23R91A05F3,2026-08-30 17:22:00,Utilities,Jio 5G Annual Fiber & Recharge,1215.09,UPI_Paytm,0
TXN_NARESH_0727,cust_naresh,K. Naresh,23R91A05F3,2026-08-30 18:52:00,Mess & Meals,College Hostel Mess & Catering Hub,2820.1,UPI_Paytm,0
TXN_NARESH_0728,cust_naresh,K. Naresh,23R91A05F3,2026-08-30 19:05:00,Transit,TSRTC Express Bus Pass & Travel,1421.85,UPI_PhonePe,0
TXN_NARESH_0729,cust_naresh,K. Naresh,23R91A05F3,2026-08-30 20:10:00,Entertainment,Prasad IMAX Hyderabad Multiplex,914.61,Debit_Card,0
TXN_NARESH_0730,cust_naresh,K. Naresh,23R91A05F3,2026-08-31 01:13:00,Transit,TSRTC Express Bus Pass & Travel,1727.21,UPI_PhonePe,0
TXN_NARESH_0731,cust_naresh,K. Naresh,23R91A05F3,2026-08-31 01:40:00,Entertainment,Prasad IMAX Hyderabad Multiplex,1675.84,Debit_Card,0
TXN_NARESH_0732,cust_naresh,K. Naresh,23R91A05F3,2026-08-31 05:58:00,Healthcare,Apollo Pharmacy & Healthcare Store,1803.6,UPI_PhonePe,0
TXN_NARESH_0733,cust_naresh,K. Naresh,23R91A05F3,2026-08-31 11:25:00,Entertainment,Prasad IMAX Hyderabad Multiplex,600.67,ATM_Cash,0
TXN_NARESH_0734,cust_naresh,K. Naresh,23R91A05F3,2026-08-31 13:59:00,College Activities,College Fest Stage & Sound Supplies,1919.31,UPI_Paytm,0
TXN_NARESH_0735,cust_naresh,K. Naresh,23R91A05F3,2026-08-31 21:11:00,Utilities,Jio 5G Annual Fiber & Recharge,1324.63,ATM_Cash,0
TXN_NARESH_0736,cust_naresh,K. Naresh,23R91A05F3,2026-09-01 00:57:00,Transit,TSRTC Express Bus Pass & Travel,1382.2,UPI_Paytm,0
TXN_NARESH_0737,cust_naresh,K. Naresh,23R91A05F3,2026-09-01 01:20:00,College Activities,College Fest Stage & Sound Supplies,1629.29,UPI_PhonePe,0
TXN_NARESH_0738,cust_naresh,K. Naresh,23R91A05F3,2026-09-01 02:59:00,Entertainment,Prasad IMAX Hyderabad Multiplex,912.89,UPI_Paytm,0
TXN_NARESH_0739,cust_naresh,K. Naresh,23R91A05F3,2026-09-01 03:15:00,Sports & Fitness,Decathlon Sports India Hyderabad,723.0,Debit_Card,0
TXN_NARESH_0740,cust_naresh,K. Naresh,23R91A05F3,2026-09-01 13:47:00,Sports & Fitness,Decathlon Sports India Hyderabad,2398.25,ATM_Cash,0
TXN_NARESH_0741,cust_naresh,K. Naresh,23R91A05F3,2026-09-01 21:12:00,Groceries,Zepto 10-Min Supermarket Supplies,974.25,UPI_PhonePe,0
TXN_NARESH_0742,cust_naresh,K. Naresh,23R91A05F3,2026-09-01 21:37:00,Mess & Meals,College Hostel Mess & Catering Hub,2635.01,UPI_Paytm,0
TXN_NARESH_0743,cust_naresh,K. Naresh,23R91A05F3,2026-09-02 00:55:00,Utilities,Jio 5G Annual Fiber & Recharge,436.6,UPI_PhonePe,0
TXN_NARESH_0744,cust_naresh,K. Naresh,23R91A05F3,2026-09-02 05:28:00,Mess & Meals,College Hostel Mess & Catering Hub,524.13,UPI_Paytm,0
TXN_NARESH_0745,cust_naresh,K. Naresh,23R91A05F3,2026-09-02 06:00:00,Healthcare,Apollo Pharmacy & Healthcare Store,1780.2,UPI_PhonePe,0
TXN_NARESH_0746,cust_naresh,K. Naresh,23R91A05F3,2026-09-02 06:23:00,Transit,TSRTC Express Bus Pass & Travel,1360.37,UPI_PhonePe,0
TXN_NARESH_0747,cust_naresh,K. Naresh,23R91A05F3,2026-09-02 08:19:00,Entertainment,Prasad IMAX Hyderabad Multiplex,1507.25,Debit_Card,0
TXN_NARESH_0748,cust_naresh,K. Naresh,23R91A05F3,2026-09-02 13:32:00,Mess & Meals,College Hostel Mess & Catering Hub,1110.92,UPI_PhonePe,0
TXN_NARESH_0749,cust_naresh,K. Naresh,23R91A05F3,2026-09-02 14:07:00,Utilities,Jio 5G Annual Fiber & Recharge,1457.66,UPI_Paytm,0
TXN_NARESH_0750,cust_naresh,K. Naresh,23R91A05F3,2026-09-02 17:02:00,Mess & Meals,College Hostel Mess & Catering Hub,800.69,UPI_Paytm,0
TXN_NARESH_0751,cust_naresh,K. Naresh,23R91A05F3,2026-09-02 19:00:00,Healthcare,Apollo Pharmacy & Healthcare Store,948.01,UPI_PhonePe,0
TXN_NARESH_0752,cust_naresh,K. Naresh,23R91A05F3,2026-09-02 22:10:00,Healthcare,Apollo Pharmacy & Healthcare Store,815.22,UPI_PhonePe,0
TXN_NARESH_0753,cust_naresh,K. Naresh,23R91A05F3,2026-09-03 00:45:00,College Activities,College Fest Stage & Sound Supplies,2410.14,UPI_Paytm,0
TXN_NARESH_0754,cust_naresh,K. Naresh,23R91A05F3,2026-09-03 02:55:00,College Activities,College Fest Stage & Sound Supplies,1526.11,UPI_PhonePe,0
TXN_NARESH_0755,cust_naresh,K. Naresh,23R91A05F3,2026-09-03 08:25:00,Healthcare,Apollo Pharmacy & Healthcare Store,2606.27,Debit_Card,0
TXN_NARESH_0756,cust_naresh,K. Naresh,23R91A05F3,2026-09-03 09:05:00,Mess & Meals,College Hostel Mess & Catering Hub,1407.05,ATM_Cash,0
TXN_NARESH_0757,cust_naresh,K. Naresh,23R91A05F3,2026-09-03 11:27:00,Sports & Fitness,Decathlon Sports India Hyderabad,2336.56,UPI_PhonePe,0
TXN_NARESH_0758,cust_naresh,K. Naresh,23R91A05F3,2026-09-03 12:38:00,Utilities,Jio 5G Annual Fiber & Recharge,984.82,UPI_PhonePe,0
TXN_NARESH_0759,cust_naresh,K. Naresh,23R91A05F3,2026-09-03 17:22:00,Sports & Fitness,Decathlon Sports India Hyderabad,755.57,UPI_PhonePe,0
TXN_NARESH_0760,cust_naresh,K. Naresh,23R91A05F3,2026-09-03 19:55:00,College Activities,College Fest Stage & Sound Supplies,1084.6,UPI_Paytm,0
TXN_NARESH_0761,cust_naresh,K. Naresh,23R91A05F3,2026-09-04 02:02:00,College Activities,College Fest Stage & Sound Supplies,749.16,UPI_PhonePe,0
TXN_NARESH_0762,cust_naresh,K. Naresh,23R91A05F3,2026-09-04 09:01:00,Utilities,Jio 5G Annual Fiber & Recharge,1048.44,UPI_PhonePe,0
TXN_NARESH_0763,cust_naresh,K. Naresh,23R91A05F3,2026-09-04 10:18:00,Entertainment,Prasad IMAX Hyderabad Multiplex,1710.83,UPI_Paytm,0
TXN_NARESH_0764,cust_naresh,K. Naresh,23R91A05F3,2026-09-04 10:43:00,Groceries,Zepto 10-Min Supermarket Supplies,856.95,ATM_Cash,0
TXN_NARESH_0765,cust_naresh,K. Naresh,23R91A05F3,2026-09-04 15:02:00,College Activities,College Fest Stage & Sound Supplies,1632.9,UPI_PhonePe,0
TXN_NARESH_0766,cust_naresh,K. Naresh,23R91A05F3,2026-09-04 17:02:00,Transit,TSRTC Express Bus Pass & Travel,658.9,UPI_PhonePe,0
TXN_NARESH_0767,cust_naresh,K. Naresh,23R91A05F3,2026-09-04 17:15:00,Mess & Meals,College Hostel Mess & Catering Hub,1882.94,ATM_Cash,0
TXN_NARESH_0768,cust_naresh,K. Naresh,23R91A05F3,2026-09-04 21:05:00,College Activities,College Fest Stage & Sound Supplies,1020.36,UPI_Paytm,0
TXN_NARESH_0769,cust_naresh,K. Naresh,23R91A05F3,2026-09-05 02:09:00,Healthcare,Apollo Pharmacy & Healthcare Store,962.08,UPI_Paytm,0
TXN_NARESH_0770,cust_naresh,K. Naresh,23R91A05F3,2026-09-05 02:09:00,Transit,TSRTC Express Bus Pass & Travel,1295.14,UPI_Paytm,0
TXN_NARESH_0771,cust_naresh,K. Naresh,23R91A05F3,2026-09-05 03:00:00,Sports & Fitness,Decathlon Sports India Hyderabad,1716.98,ATM_Cash,0
TXN_NARESH_0772,cust_naresh,K. Naresh,23R91A05F3,2026-09-05 06:18:00,Transit,TSRTC Express Bus Pass & Travel,1758.45,UPI_Paytm,0
TXN_NARESH_0773,cust_naresh,K. Naresh,23R91A05F3,2026-09-05 06:44:00,Groceries,Zepto 10-Min Supermarket Supplies,711.49,Debit_Card,0
TXN_NARESH_0774,cust_naresh,K. Naresh,23R91A05F3,2026-09-05 11:52:00,Healthcare,Apollo Pharmacy & Healthcare Store,1016.68,UPI_Paytm,0
TXN_NARESH_0775,cust_naresh,K. Naresh,23R91A05F3,2026-09-05 18:42:00,Utilities,Jio 5G Annual Fiber & Recharge,1540.86,UPI_Paytm,0
TXN_NARESH_0776,cust_naresh,K. Naresh,23R91A05F3,2026-09-05 18:54:00,Healthcare,Apollo Pharmacy & Healthcare Store,833.88,UPI_PhonePe,0
TXN_NARESH_0777,cust_naresh,K. Naresh,23R91A05F3,2026-09-05 21:50:00,Sports & Fitness,Decathlon Sports India Hyderabad,2189.93,UPI_PhonePe,0
TXN_NARESH_0778,cust_naresh,K. Naresh,23R91A05F3,2026-09-05 23:34:00,Groceries,Zepto 10-Min Supermarket Supplies,1270.56,UPI_Paytm,0
TXN_NARESH_0779,cust_naresh,K. Naresh,23R91A05F3,2026-09-06 02:35:00,Transit,TSRTC Express Bus Pass & Travel,1217.59,UPI_PhonePe,0
TXN_NARESH_0780,cust_naresh,K. Naresh,23R91A05F3,2026-09-06 06:30:00,Mess & Meals,College Hostel Mess & Catering Hub,769.22,UPI_Paytm,0
TXN_NARESH_0781,cust_naresh,K. Naresh,23R91A05F3,2026-09-06 08:12:00,Transit,TSRTC Express Bus Pass & Travel,1528.18,UPI_PhonePe,0
TXN_NARESH_0782,cust_naresh,K. Naresh,23R91A05F3,2026-09-06 10:39:00,College Activities,College Fest Stage & Sound Supplies,985.01,Debit_Card,0
TXN_NARESH_0783,cust_naresh,K. Naresh,23R91A05F3,2026-09-06 12:12:00,Groceries,Zepto 10-Min Supermarket Supplies,1513.37,UPI_PhonePe,0
TXN_NARESH_0784,cust_naresh,K. Naresh,23R91A05F3,2026-09-06 14:15:00,Healthcare,Apollo Pharmacy & Healthcare Store,816.54,Debit_Card,0
TXN_NARESH_0785,cust_naresh,K. Naresh,23R91A05F3,2026-09-06 19:04:00,Groceries,Zepto 10-Min Supermarket Supplies,1302.29,UPI_Paytm,0
TXN_NARESH_0786,cust_naresh,K. Naresh,23R91A05F3,2026-09-06 20:20:00,Utilities,Jio 5G Annual Fiber & Recharge,1128.87,UPI_PhonePe,0
TXN_NARESH_0787,cust_naresh,K. Naresh,23R91A05F3,2026-09-07 03:35:00,Transit,TSRTC Express Bus Pass & Travel,1388.22,UPI_Paytm,0
TXN_NARESH_0788,cust_naresh,K. Naresh,23R91A05F3,2026-09-07 06:13:00,Sports & Fitness,Decathlon Sports India Hyderabad,1568.35,UPI_PhonePe,0
TXN_NARESH_0789,cust_naresh,K. Naresh,23R91A05F3,2026-09-07 06:50:00,Transit,TSRTC Express Bus Pass & Travel,587.46,UPI_PhonePe,0
TXN_NARESH_0790,cust_naresh,K. Naresh,23R91A05F3,2026-09-07 11:00:00,Groceries,Zepto 10-Min Supermarket Supplies,1615.64,UPI_PhonePe,0
TXN_NARESH_0791,cust_naresh,K. Naresh,23R91A05F3,2026-09-07 11:45:00,Utilities,Jio 5G Annual Fiber & Recharge,985.8,UPI_PhonePe,0
TXN_NARESH_0792,cust_naresh,K. Naresh,23R91A05F3,2026-09-07 12:34:00,Groceries,Zepto 10-Min Supermarket Supplies,909.37,ATM_Cash,0
TXN_NARESH_0793,cust_naresh,K. Naresh,23R91A05F3,2026-09-07 15:25:00,College Activities,College Fest Stage & Sound Supplies,1311.24,UPI_PhonePe,0
TXN_NARESH_0794,cust_naresh,K. Naresh,23R91A05F3,2026-09-07 15:48:00,Healthcare,Apollo Pharmacy & Healthcare Store,1366.72,UPI_Paytm,0
TXN_NARESH_0795,cust_naresh,K. Naresh,23R91A05F3,2026-09-07 18:10:00,Healthcare,Apollo Pharmacy & Healthcare Store,1069.48,UPI_PhonePe,0
TXN_NARESH_0796,cust_naresh,K. Naresh,23R91A05F3,2026-09-07 19:06:00,Utilities,Jio 5G Annual Fiber & Recharge,1130.86,UPI_Paytm,0
TXN_NARESH_0797,cust_naresh,K. Naresh,23R91A05F3,2026-09-07 21:55:00,Utilities,Jio 5G Annual Fiber & Recharge,1872.26,UPI_PhonePe,0
TXN_NARESH_0798,cust_naresh,K. Naresh,23R91A05F3,2026-09-07 22:27:00,Entertainment,Prasad IMAX Hyderabad Multiplex,1499.47,UPI_Paytm,0
TXN_NARESH_0799,cust_naresh,K. Naresh,23R91A05F3,2026-09-08 01:12:00,Transit,TSRTC Express Bus Pass & Travel,851.0,UPI_Paytm,0
TXN_NARESH_0800,cust_naresh,K. Naresh,23R91A05F3,2026-09-08 04:44:00,Entertainment,Prasad IMAX Hyderabad Multiplex,1025.8,UPI_Paytm,0
TXN_NARESH_0801,cust_naresh,K. Naresh,23R91A05F3,2026-09-08 04:49:00,Utilities,Jio 5G Annual Fiber & Recharge,1387.05,UPI_PhonePe,0
TXN_NARESH_0802,cust_naresh,K. Naresh,23R91A05F3,2026-09-08 07:58:00,Groceries,Zepto 10-Min Supermarket Supplies,2387.68,UPI_Paytm,0
TXN_NARESH_0803,cust_naresh,K. Naresh,23R91A05F3,2026-09-08 10:05:00,Transit,TSRTC Express Bus Pass & Travel,2189.72,UPI_PhonePe,0
TXN_NARESH_0804,cust_naresh,K. Naresh,23R91A05F3,2026-09-08 11:48:00,Healthcare,Apollo Pharmacy & Healthcare Store,854.29,UPI_PhonePe,0
TXN_NARESH_0805,cust_naresh,K. Naresh,23R91A05F3,2026-09-08 13:38:00,Healthcare,Apollo Pharmacy & Healthcare Store,440.35,UPI_PhonePe,0
TXN_NARESH_0806,cust_naresh,K. Naresh,23R91A05F3,2026-09-08 15:59:00,Healthcare,Apollo Pharmacy & Healthcare Store,819.0,UPI_PhonePe,0
TXN_NARESH_0807,cust_naresh,K. Naresh,23R91A05F3,2026-09-08 19:37:00,Groceries,Zepto 10-Min Supermarket Supplies,2870.33,UPI_PhonePe,0
TXN_NARESH_0808,cust_naresh,K. Naresh,23R91A05F3,2026-09-08 19:57:00,Groceries,Zepto 10-Min Supermarket Supplies,1133.2,UPI_Paytm,0
TXN_NARESH_0809,cust_naresh,K. Naresh,23R91A05F3,2026-09-09 00:59:00,Transit,TSRTC Express Bus Pass & Travel,2231.37,UPI_PhonePe,0
TXN_NARESH_0810,cust_naresh,K. Naresh,23R91A05F3,2026-09-09 03:03:00,Transit,TSRTC Express Bus Pass & Travel,1345.22,UPI_PhonePe,0
TXN_NARESH_0811,cust_naresh,K. Naresh,23R91A05F3,2026-09-09 09:23:00,Mess & Meals,College Hostel Mess & Catering Hub,693.94,UPI_PhonePe,0
TXN_NARESH_0812,cust_naresh,K. Naresh,23R91A05F3,2026-09-09 12:30:00,Healthcare,Apollo Pharmacy & Healthcare Store,835.24,UPI_Paytm,0
TXN_NARESH_0813,cust_naresh,K. Naresh,23R91A05F3,2026-09-09 13:52:00,Mess & Meals,College Hostel Mess & Catering Hub,1566.22,UPI_Paytm,0
TXN_NARESH_0814,cust_naresh,K. Naresh,23R91A05F3,2026-09-10 00:54:00,Transit,TSRTC Express Bus Pass & Travel,1181.89,UPI_PhonePe,0
TXN_NARESH_0815,cust_naresh,K. Naresh,23R91A05F3,2026-09-10 01:49:00,College Activities,College Fest Stage & Sound Supplies,2599.47,UPI_Paytm,0
TXN_NARESH_0816,cust_naresh,K. Naresh,23R91A05F3,2026-09-10 06:47:00,Healthcare,Apollo Pharmacy & Healthcare Store,543.11,UPI_Paytm,0
TXN_NARESH_0817,cust_naresh,K. Naresh,23R91A05F3,2026-09-10 07:02:00,College Activities,College Fest Stage & Sound Supplies,1490.29,UPI_PhonePe,0
TXN_NARESH_0818,cust_naresh,K. Naresh,23R91A05F3,2026-09-10 10:56:00,Transit,TSRTC Express Bus Pass & Travel,1483.58,UPI_Paytm,0
TXN_NARESH_0819,cust_naresh,K. Naresh,23R91A05F3,2026-09-10 15:44:00,Sports & Fitness,Decathlon Sports India Hyderabad,634.53,UPI_Paytm,0
TXN_NARESH_0820,cust_naresh,K. Naresh,23R91A05F3,2026-09-10 18:15:00,Utilities,Jio 5G Annual Fiber & Recharge,1674.47,UPI_Paytm,0
TXN_NARESH_0821,cust_naresh,K. Naresh,23R91A05F3,2026-09-10 21:26:00,Healthcare,Apollo Pharmacy & Healthcare Store,1508.06,UPI_PhonePe,0
TXN_NARESH_0822,cust_naresh,K. Naresh,23R91A05F3,2026-09-10 23:52:00,College Activities,College Fest Stage & Sound Supplies,394.09,UPI_PhonePe,0
TXN_NARESH_0823,cust_naresh,K. Naresh,23R91A05F3,2026-09-11 05:32:00,Utilities,Jio 5G Annual Fiber & Recharge,1622.17,UPI_PhonePe,0
TXN_NARESH_0824,cust_naresh,K. Naresh,23R91A05F3,2026-09-11 06:05:00,Healthcare,Apollo Pharmacy & Healthcare Store,1325.7,UPI_Paytm,0
TXN_NARESH_0825,cust_naresh,K. Naresh,23R91A05F3,2026-09-11 07:14:00,Groceries,Zepto 10-Min Supermarket Supplies,863.24,Debit_Card,0
TXN_NARESH_0826,cust_naresh,K. Naresh,23R91A05F3,2026-09-11 11:16:00,Transit,TSRTC Express Bus Pass & Travel,1102.21,UPI_PhonePe,0
TXN_NARESH_0827,cust_naresh,K. Naresh,23R91A05F3,2026-09-11 15:25:00,Transit,TSRTC Express Bus Pass & Travel,606.96,UPI_PhonePe,0
TXN_NARESH_0828,cust_naresh,K. Naresh,23R91A05F3,2026-09-11 19:07:00,Healthcare,Apollo Pharmacy & Healthcare Store,921.22,UPI_Paytm,0
TXN_NARESH_0829,cust_naresh,K. Naresh,23R91A05F3,2026-09-11 19:40:00,Sports & Fitness,Decathlon Sports India Hyderabad,955.01,Debit_Card,0
TXN_NARESH_0830,cust_naresh,K. Naresh,23R91A05F3,2026-09-11 22:56:00,Transit,TSRTC Express Bus Pass & Travel,874.31,Debit_Card,0
TXN_NARESH_0831,cust_naresh,K. Naresh,23R91A05F3,2026-09-12 01:07:00,Mess & Meals,College Hostel Mess & Catering Hub,1152.72,UPI_Paytm,0
TXN_NARESH_0832,cust_naresh,K. Naresh,23R91A05F3,2026-09-12 02:17:00,Groceries,Zepto 10-Min Supermarket Supplies,758.47,Debit_Card,0
TXN_NARESH_0833,cust_naresh,K. Naresh,23R91A05F3,2026-09-12 02:30:00,Mess & Meals,College Hostel Mess & Catering Hub,1254.34,UPI_PhonePe,0
TXN_NARESH_0834,cust_naresh,K. Naresh,23R91A05F3,2026-09-12 02:33:00,Groceries,Zepto 10-Min Supermarket Supplies,863.56,UPI_PhonePe,0
TXN_NARESH_0835,cust_naresh,K. Naresh,23R91A05F3,2026-09-12 08:12:00,Groceries,Zepto 10-Min Supermarket Supplies,520.46,UPI_PhonePe,0
TXN_NARESH_0836,cust_naresh,K. Naresh,23R91A05F3,2026-09-12 08:36:00,Groceries,Zepto 10-Min Supermarket Supplies,1427.4,UPI_Paytm,0
TXN_NARESH_0837,cust_naresh,K. Naresh,23R91A05F3,2026-09-12 12:55:00,Healthcare,Apollo Pharmacy & Healthcare Store,660.41,UPI_PhonePe,0
TXN_NARESH_0838,cust_naresh,K. Naresh,23R91A05F3,2026-09-12 15:39:00,Entertainment,Prasad IMAX Hyderabad Multiplex,1151.83,UPI_PhonePe,0
TXN_NARESH_0839,cust_naresh,K. Naresh,23R91A05F3,2026-09-12 18:41:00,Utilities,Jio 5G Annual Fiber & Recharge,1546.3,UPI_PhonePe,0
TXN_NARESH_0840,cust_naresh,K. Naresh,23R91A05F3,2026-09-12 22:06:00,Entertainment,Prasad IMAX Hyderabad Multiplex,438.52,UPI_PhonePe,0
TXN_NARESH_0841,cust_naresh,K. Naresh,23R91A05F3,2026-09-12 23:08:00,Healthcare,Apollo Pharmacy & Healthcare Store,2600.25,Debit_Card,0
TXN_NARESH_0842,cust_naresh,K. Naresh,23R91A05F3,2026-09-13 01:02:00,Mess & Meals,College Hostel Mess & Catering Hub,1812.0,UPI_PhonePe,0
TXN_NARESH_0843,cust_naresh,K. Naresh,23R91A05F3,2026-09-13 04:37:00,Utilities,Jio 5G Annual Fiber & Recharge,2863.78,UPI_PhonePe,0
TXN_NARESH_0844,cust_naresh,K. Naresh,23R91A05F3,2026-09-13 04:38:00,Sports & Fitness,Decathlon Sports India Hyderabad,794.06,UPI_Paytm,0
TXN_NARESH_0845,cust_naresh,K. Naresh,23R91A05F3,2026-09-13 06:46:00,Mess & Meals,College Hostel Mess & Catering Hub,1684.86,UPI_PhonePe,0
TXN_NARESH_0846,cust_naresh,K. Naresh,23R91A05F3,2026-09-13 08:11:00,Mess & Meals,College Hostel Mess & Catering Hub,1603.46,UPI_Paytm,0
TXN_NARESH_0847,cust_naresh,K. Naresh,23R91A05F3,2026-09-13 12:07:00,Groceries,Zepto 10-Min Supermarket Supplies,1116.26,Debit_Card,0
TXN_NARESH_0848,cust_naresh,K. Naresh,23R91A05F3,2026-09-13 15:23:00,Healthcare,Apollo Pharmacy & Healthcare Store,948.43,Debit_Card,0
TXN_NARESH_0849,cust_naresh,K. Naresh,23R91A05F3,2026-09-13 18:25:00,Groceries,Zepto 10-Min Supermarket Supplies,1363.91,Debit_Card,0
TXN_NARESH_0850,cust_naresh,K. Naresh,23R91A05F3,2026-09-13 19:10:00,College Activities,College Fest Stage & Sound Supplies,3008.08,UPI_PhonePe,0
TXN_NARESH_0851,cust_naresh,K. Naresh,23R91A05F3,2026-09-13 20:09:00,Utilities,Jio 5G Annual Fiber & Recharge,1228.44,UPI_Paytm,0
TXN_NARESH_0852,cust_naresh,K. Naresh,23R91A05F3,2026-09-14 02:22:00,Utilities,Jio 5G Annual Fiber & Recharge,819.03,UPI_PhonePe,0
TXN_NARESH_0853,cust_naresh,K. Naresh,23R91A05F3,2026-09-14 05:02:00,Suspicious Wire,CRYPTO_CASINO_TRX_MALTA,46361.46,UPI_PhonePe,1
TXN_NARESH_0854,cust_naresh,K. Naresh,23R91A05F3,2026-09-14 10:12:00,College Activities,College Fest Stage & Sound Supplies,1386.39,UPI_PhonePe,0
TXN_NARESH_0855,cust_naresh,K. Naresh,23R91A05F3,2026-09-14 22:28:00,Sports & Fitness,Decathlon Sports India Hyderabad,1906.04,UPI_PhonePe,0
TXN_NARESH_0856,cust_naresh,K. Naresh,23R91A05F3,2026-09-14 23:10:00,Utilities,Jio 5G Annual Fiber & Recharge,1306.41,Debit_Card,0
TXN_NARESH_0857,cust_naresh,K. Naresh,23R91A05F3,2026-09-15 01:07:00,College Activities,College Fest Stage & Sound Supplies,1857.65,UPI_PhonePe,0
TXN_NARESH_0858,cust_naresh,K. Naresh,23R91A05F3,2026-09-15 03:46:00,Utilities,Jio 5G Annual Fiber & Recharge,1236.13,UPI_Paytm,0
TXN_NARESH_0859,cust_naresh,K. Naresh,23R91A05F3,2026-09-15 04:27:00,Transit,TSRTC Express Bus Pass & Travel,2043.84,UPI_PhonePe,0
TXN_NARESH_0860,cust_naresh,K. Naresh,23R91A05F3,2026-09-15 05:06:00,Healthcare,Apollo Pharmacy & Healthcare Store,1956.48,UPI_PhonePe,0
TXN_NARESH_0861,cust_naresh,K. Naresh,23R91A05F3,2026-09-15 07:52:00,Entertainment,Prasad IMAX Hyderabad Multiplex,1246.37,ATM_Cash,0
TXN_NARESH_0862,cust_naresh,K. Naresh,23R91A05F3,2026-09-15 10:07:00,Transit,TSRTC Express Bus Pass & Travel,553.57,UPI_PhonePe,0
TXN_NARESH_0863,cust_naresh,K. Naresh,23R91A05F3,2026-09-15 10:56:00,Suspicious Wire,CRYPTO_CASINO_TRX_MALTA,22009.63,UPI_Paytm,1
TXN_NARESH_0864,cust_naresh,K. Naresh,23R91A05F3,2026-09-15 11:13:00,Mess & Meals,College Hostel Mess & Catering Hub,824.42,UPI_PhonePe,0
TXN_NARESH_0865,cust_naresh,K. Naresh,23R91A05F3,2026-09-15 19:09:00,Sports & Fitness,Decathlon Sports India Hyderabad,1312.15,UPI_PhonePe,0
TXN_NARESH_0866,cust_naresh,K. Naresh,23R91A05F3,2026-09-15 22:18:00,Utilities,Jio 5G Annual Fiber & Recharge,2163.44,UPI_PhonePe,0
TXN_NARESH_0867,cust_naresh,K. Naresh,23R91A05F3,2026-09-15 22:23:00,Sports & Fitness,Decathlon Sports India Hyderabad,936.05,Debit_Card,0
TXN_NARESH_0868,cust_naresh,K. Naresh,23R91A05F3,2026-09-16 11:45:00,Healthcare,Apollo Pharmacy & Healthcare Store,1282.34,UPI_PhonePe,0
TXN_NARESH_0869,cust_naresh,K. Naresh,23R91A05F3,2026-09-16 12:37:00,Mess & Meals,College Hostel Mess & Catering Hub,877.24,UPI_PhonePe,0
TXN_NARESH_0870,cust_naresh,K. Naresh,23R91A05F3,2026-09-16 15:06:00,Sports & Fitness,Decathlon Sports India Hyderabad,1797.18,UPI_PhonePe,0
TXN_NARESH_0871,cust_naresh,K. Naresh,23R91A05F3,2026-09-16 15:35:00,Entertainment,Prasad IMAX Hyderabad Multiplex,2013.91,UPI_Paytm,0
TXN_NARESH_0872,cust_naresh,K. Naresh,23R91A05F3,2026-09-16 17:33:00,Mess & Meals,College Hostel Mess & Catering Hub,1144.08,UPI_Paytm,0
TXN_NARESH_0873,cust_naresh,K. Naresh,23R91A05F3,2026-09-16 19:13:00,Mess & Meals,College Hostel Mess & Catering Hub,1088.65,UPI_Paytm,0
TXN_NARESH_0874,cust_naresh,K. Naresh,23R91A05F3,2026-09-16 19:59:00,Entertainment,Prasad IMAX Hyderabad Multiplex,1698.74,UPI_PhonePe,0
TXN_NARESH_0875,cust_naresh,K. Naresh,23R91A05F3,2026-09-17 00:31:00,Healthcare,Apollo Pharmacy & Healthcare Store,1011.32,Debit_Card,0
TXN_NARESH_0876,cust_naresh,K. Naresh,23R91A05F3,2026-09-17 03:14:00,Groceries,Zepto 10-Min Supermarket Supplies,1535.45,UPI_Paytm,0
TXN_NARESH_0877,cust_naresh,K. Naresh,23R91A05F3,2026-09-17 10:56:00,Groceries,Zepto 10-Min Supermarket Supplies,1703.71,Debit_Card,0
TXN_NARESH_0878,cust_naresh,K. Naresh,23R91A05F3,2026-09-17 16:42:00,Mess & Meals,College Hostel Mess & Catering Hub,2240.48,Debit_Card,0
TXN_NARESH_0879,cust_naresh,K. Naresh,23R91A05F3,2026-09-17 18:29:00,Entertainment,Prasad IMAX Hyderabad Multiplex,978.07,UPI_Paytm,0
TXN_NARESH_0880,cust_naresh,K. Naresh,23R91A05F3,2026-09-17 23:02:00,Healthcare,Apollo Pharmacy & Healthcare Store,1877.39,UPI_PhonePe,0
TXN_NARESH_0881,cust_naresh,K. Naresh,23R91A05F3,2026-09-18 00:28:00,Utilities,Jio 5G Annual Fiber & Recharge,880.0,Debit_Card,0
TXN_NARESH_0882,cust_naresh,K. Naresh,23R91A05F3,2026-09-18 05:39:00,Transit,TSRTC Express Bus Pass & Travel,1579.74,Debit_Card,0
TXN_NARESH_0883,cust_naresh,K. Naresh,23R91A05F3,2026-09-18 06:25:00,Utilities,Jio 5G Annual Fiber & Recharge,1649.25,UPI_PhonePe,0
TXN_NARESH_0884,cust_naresh,K. Naresh,23R91A05F3,2026-09-18 09:03:00,Mess & Meals,College Hostel Mess & Catering Hub,1107.5,UPI_PhonePe,0
TXN_NARESH_0885,cust_naresh,K. Naresh,23R91A05F3,2026-09-18 09:34:00,Transit,TSRTC Express Bus Pass & Travel,882.53,ATM_Cash,0
TXN_NARESH_0886,cust_naresh,K. Naresh,23R91A05F3,2026-09-18 11:08:00,Mess & Meals,College Hostel Mess & Catering Hub,1254.64,UPI_PhonePe,0
TXN_NARESH_0887,cust_naresh,K. Naresh,23R91A05F3,2026-09-18 12:17:00,Entertainment,Prasad IMAX Hyderabad Multiplex,1704.01,Debit_Card,0
TXN_NARESH_0888,cust_naresh,K. Naresh,23R91A05F3,2026-09-18 12:51:00,Mess & Meals,College Hostel Mess & Catering Hub,1463.1,UPI_PhonePe,0
TXN_NARESH_0889,cust_naresh,K. Naresh,23R91A05F3,2026-09-18 21:52:00,Entertainment,Prasad IMAX Hyderabad Multiplex,1381.42,UPI_PhonePe,0
TXN_NARESH_0890,cust_naresh,K. Naresh,23R91A05F3,2026-09-19 04:29:00,Healthcare,Apollo Pharmacy & Healthcare Store,721.1,UPI_PhonePe,0
TXN_NARESH_0891,cust_naresh,K. Naresh,23R91A05F3,2026-09-19 17:17:00,Transit,TSRTC Express Bus Pass & Travel,1299.46,UPI_PhonePe,0
TXN_NARESH_0892,cust_naresh,K. Naresh,23R91A05F3,2026-09-19 21:36:00,Healthcare,Apollo Pharmacy & Healthcare Store,1457.46,UPI_PhonePe,0
TXN_NARESH_0893,cust_naresh,K. Naresh,23R91A05F3,2026-09-19 22:28:00,Sports & Fitness,Decathlon Sports India Hyderabad,1268.42,UPI_PhonePe,0
TXN_NARESH_0894,cust_naresh,K. Naresh,23R91A05F3,2026-09-20 02:26:00,Groceries,Zepto 10-Min Supermarket Supplies,1434.19,UPI_Paytm,0
TXN_NARESH_0895,cust_naresh,K. Naresh,23R91A05F3,2026-09-20 05:00:00,Utilities,Jio 5G Annual Fiber & Recharge,1188.78,ATM_Cash,0
TXN_NARESH_0896,cust_naresh,K. Naresh,23R91A05F3,2026-09-20 05:09:00,Sports & Fitness,Decathlon Sports India Hyderabad,1241.25,UPI_PhonePe,0
TXN_NARESH_0897,cust_naresh,K. Naresh,23R91A05F3,2026-09-20 08:58:00,Mess & Meals,College Hostel Mess & Catering Hub,864.86,UPI_Paytm,0
TXN_NARESH_0898,cust_naresh,K. Naresh,23R91A05F3,2026-09-20 10:50:00,Groceries,Zepto 10-Min Supermarket Supplies,788.89,UPI_Paytm,0
TXN_NARESH_0899,cust_naresh,K. Naresh,23R91A05F3,2026-09-20 11:47:00,College Activities,College Fest Stage & Sound Supplies,1291.18,UPI_Paytm,0
TXN_NARESH_0900,cust_naresh,K. Naresh,23R91A05F3,2026-09-20 12:36:00,Sports & Fitness,Decathlon Sports India Hyderabad,1103.29,UPI_Paytm,0
TXN_NARESH_0901,cust_naresh,K. Naresh,23R91A05F3,2026-09-20 14:59:00,Utilities,Jio 5G Annual Fiber & Recharge,1102.9,UPI_PhonePe,0
TXN_NARESH_0902,cust_naresh,K. Naresh,23R91A05F3,2026-09-20 16:58:00,Healthcare,Apollo Pharmacy & Healthcare Store,2075.6,UPI_PhonePe,0
TXN_NARESH_0903,cust_naresh,K. Naresh,23R91A05F3,2026-09-20 18:14:00,Groceries,Zepto 10-Min Supermarket Supplies,2732.04,UPI_PhonePe,0
TXN_NARESH_0904,cust_naresh,K. Naresh,23R91A05F3,2026-09-20 18:50:00,Healthcare,Apollo Pharmacy & Healthcare Store,824.36,UPI_PhonePe,0
TXN_NARESH_0905,cust_naresh,K. Naresh,23R91A05F3,2026-09-20 18:52:00,Groceries,Zepto 10-Min Supermarket Supplies,1721.32,UPI_Paytm,0
TXN_NARESH_0906,cust_naresh,K. Naresh,23R91A05F3,2026-09-20 19:25:00,Transit,TSRTC Express Bus Pass & Travel,1254.1,UPI_PhonePe,0
TXN_NARESH_0907,cust_naresh,K. Naresh,23R91A05F3,2026-09-20 20:35:00,Groceries,Zepto 10-Min Supermarket Supplies,1288.95,Debit_Card,0
TXN_NARESH_0908,cust_naresh,K. Naresh,23R91A05F3,2026-09-20 23:37:00,Transit,TSRTC Express Bus Pass & Travel,992.86,Debit_Card,0
TXN_NARESH_0909,cust_naresh,K. Naresh,23R91A05F3,2026-09-21 00:30:00,Groceries,Zepto 10-Min Supermarket Supplies,1780.51,ATM_Cash,0
TXN_NARESH_0910,cust_naresh,K. Naresh,23R91A05F3,2026-09-21 06:32:00,College Activities,College Fest Stage & Sound Supplies,938.44,Debit_Card,0
TXN_NARESH_0911,cust_naresh,K. Naresh,23R91A05F3,2026-09-21 17:44:00,Groceries,Zepto 10-Min Supermarket Supplies,2066.35,UPI_PhonePe,0
TXN_NARESH_0912,cust_naresh,K. Naresh,23R91A05F3,2026-09-21 22:04:00,Groceries,Zepto 10-Min Supermarket Supplies,613.48,UPI_Paytm,0
TXN_NARESH_0913,cust_naresh,K. Naresh,23R91A05F3,2026-09-21 23:31:00,Mess & Meals,College Hostel Mess & Catering Hub,837.73,UPI_PhonePe,0
TXN_NARESH_0914,cust_naresh,K. Naresh,23R91A05F3,2026-09-22 00:33:00,Sports & Fitness,Decathlon Sports India Hyderabad,2503.51,Debit_Card,0
TXN_NARESH_0915,cust_naresh,K. Naresh,23R91A05F3,2026-09-22 02:36:00,Sports & Fitness,Decathlon Sports India Hyderabad,1310.58,Debit_Card,0
TXN_NARESH_0916,cust_naresh,K. Naresh,23R91A05F3,2026-09-22 04:20:00,Transit,TSRTC Express Bus Pass & Travel,1524.17,Debit_Card,0
TXN_NARESH_0917,cust_naresh,K. Naresh,23R91A05F3,2026-09-22 08:01:00,Transit,TSRTC Express Bus Pass & Travel,1216.92,UPI_PhonePe,0
TXN_NARESH_0918,cust_naresh,K. Naresh,23R91A05F3,2026-09-22 12:26:00,Healthcare,Apollo Pharmacy & Healthcare Store,1275.58,UPI_Paytm,0
TXN_NARESH_0919,cust_naresh,K. Naresh,23R91A05F3,2026-09-22 12:51:00,Healthcare,Apollo Pharmacy & Healthcare Store,1344.82,UPI_PhonePe,0
TXN_NARESH_0920,cust_naresh,K. Naresh,23R91A05F3,2026-09-22 13:18:00,Groceries,Zepto 10-Min Supermarket Supplies,1202.14,UPI_PhonePe,0
TXN_NARESH_0921,cust_naresh,K. Naresh,23R91A05F3,2026-09-22 13:30:00,Utilities,Jio 5G Annual Fiber & Recharge,795.49,UPI_Paytm,0
TXN_NARESH_0922,cust_naresh,K. Naresh,23R91A05F3,2026-09-22 16:30:00,Entertainment,Prasad IMAX Hyderabad Multiplex,1020.2,UPI_PhonePe,0
TXN_NARESH_0923,cust_naresh,K. Naresh,23R91A05F3,2026-09-22 18:00:00,Utilities,Jio 5G Annual Fiber & Recharge,1023.2,ATM_Cash,0
TXN_NARESH_0924,cust_naresh,K. Naresh,23R91A05F3,2026-09-22 20:48:00,Utilities,Jio 5G Annual Fiber & Recharge,533.41,UPI_PhonePe,0
TXN_NARESH_0925,cust_naresh,K. Naresh,23R91A05F3,2026-09-22 22:04:00,Sports & Fitness,Decathlon Sports India Hyderabad,1687.53,Debit_Card,0
TXN_NARESH_0926,cust_naresh,K. Naresh,23R91A05F3,2026-09-22 22:42:00,Healthcare,Apollo Pharmacy & Healthcare Store,1846.9,UPI_PhonePe,0
TXN_NARESH_0927,cust_naresh,K. Naresh,23R91A05F3,2026-09-23 00:56:00,Transit,TSRTC Express Bus Pass & Travel,1311.95,Debit_Card,0
TXN_NARESH_0928,cust_naresh,K. Naresh,23R91A05F3,2026-09-23 10:17:00,Mess & Meals,College Hostel Mess & Catering Hub,651.65,Debit_Card,0
TXN_NARESH_0929,cust_naresh,K. Naresh,23R91A05F3,2026-09-23 15:40:00,Utilities,Jio 5G Annual Fiber & Recharge,521.19,Debit_Card,0
TXN_NARESH_0930,cust_naresh,K. Naresh,23R91A05F3,2026-09-24 04:56:00,Groceries,Zepto 10-Min Supermarket Supplies,1384.06,UPI_PhonePe,0
TXN_NARESH_0931,cust_naresh,K. Naresh,23R91A05F3,2026-09-24 05:44:00,Sports & Fitness,Decathlon Sports India Hyderabad,1062.4,Debit_Card,0
TXN_NARESH_0932,cust_naresh,K. Naresh,23R91A05F3,2026-09-24 12:37:00,Groceries,Zepto 10-Min Supermarket Supplies,1301.73,UPI_PhonePe,0
TXN_NARESH_0933,cust_naresh,K. Naresh,23R91A05F3,2026-09-24 14:28:00,Groceries,Zepto 10-Min Supermarket Supplies,2587.35,UPI_PhonePe,0
TXN_NARESH_0934,cust_naresh,K. Naresh,23R91A05F3,2026-09-24 15:14:00,College Activities,College Fest Stage & Sound Supplies,1564.76,UPI_PhonePe,0
TXN_NARESH_0935,cust_naresh,K. Naresh,23R91A05F3,2026-09-24 15:52:00,Groceries,Zepto 10-Min Supermarket Supplies,695.64,Debit_Card,0
TXN_NARESH_0936,cust_naresh,K. Naresh,23R91A05F3,2026-09-24 20:41:00,Utilities,Jio 5G Annual Fiber & Recharge,2594.7,UPI_PhonePe,0
TXN_NARESH_0937,cust_naresh,K. Naresh,23R91A05F3,2026-09-24 21:48:00,Healthcare,Apollo Pharmacy & Healthcare Store,884.9,Debit_Card,0
TXN_NARESH_0938,cust_naresh,K. Naresh,23R91A05F3,2026-09-25 02:02:00,Utilities,Jio 5G Annual Fiber & Recharge,666.01,UPI_Paytm,0
TXN_NARESH_0939,cust_naresh,K. Naresh,23R91A05F3,2026-09-25 05:07:00,Groceries,Zepto 10-Min Supermarket Supplies,1313.21,UPI_PhonePe,0
TXN_NARESH_0940,cust_naresh,K. Naresh,23R91A05F3,2026-09-25 12:07:00,College Activities,College Fest Stage & Sound Supplies,1574.43,Debit_Card,0
TXN_NARESH_0941,cust_naresh,K. Naresh,23R91A05F3,2026-09-25 13:33:00,Sports & Fitness,Decathlon Sports India Hyderabad,733.42,UPI_PhonePe,0
TXN_NARESH_0942,cust_naresh,K. Naresh,23R91A05F3,2026-09-25 19:08:00,Healthcare,Apollo Pharmacy & Healthcare Store,914.42,Debit_Card,0
TXN_NARESH_0943,cust_naresh,K. Naresh,23R91A05F3,2026-09-25 21:49:00,Groceries,Zepto 10-Min Supermarket Supplies,3316.37,UPI_PhonePe,0
TXN_NARESH_0944,cust_naresh,K. Naresh,23R91A05F3,2026-09-25 22:23:00,Mess & Meals,College Hostel Mess & Catering Hub,1842.64,UPI_Paytm,0
TXN_NARESH_0945,cust_naresh,K. Naresh,23R91A05F3,2026-09-25 22:24:00,Groceries,Zepto 10-Min Supermarket Supplies,1170.95,UPI_PhonePe,0
TXN_NARESH_0946,cust_naresh,K. Naresh,23R91A05F3,2026-09-26 00:36:00,Sports & Fitness,Decathlon Sports India Hyderabad,978.39,UPI_PhonePe,0
TXN_NARESH_0947,cust_naresh,K. Naresh,23R91A05F3,2026-09-26 02:49:00,Transit,TSRTC Express Bus Pass & Travel,434.29,UPI_PhonePe,0
TXN_NARESH_0948,cust_naresh,K. Naresh,23R91A05F3,2026-09-26 03:07:00,Mess & Meals,College Hostel Mess & Catering Hub,2061.16,UPI_PhonePe,0
TXN_NARESH_0949,cust_naresh,K. Naresh,23R91A05F3,2026-09-26 04:30:00,Transit,TSRTC Express Bus Pass & Travel,1797.16,UPI_PhonePe,0
TXN_NARESH_0950,cust_naresh,K. Naresh,23R91A05F3,2026-09-26 04:50:00,Entertainment,Prasad IMAX Hyderabad Multiplex,1737.45,UPI_PhonePe,0
TXN_NARESH_0951,cust_naresh,K. Naresh,23R91A05F3,2026-09-26 05:18:00,Entertainment,Prasad IMAX Hyderabad Multiplex,1204.01,UPI_PhonePe,0
TXN_NARESH_0952,cust_naresh,K. Naresh,23R91A05F3,2026-09-26 15:38:00,Healthcare,Apollo Pharmacy & Healthcare Store,1196.3,UPI_Paytm,0
TXN_NARESH_0953,cust_naresh,K. Naresh,23R91A05F3,2026-09-26 19:49:00,Utilities,Jio 5G Annual Fiber & Recharge,949.66,UPI_Paytm,0
TXN_NARESH_0954,cust_naresh,K. Naresh,23R91A05F3,2026-09-26 23:09:00,Mess & Meals,College Hostel Mess & Catering Hub,1136.72,Debit_Card,0
TXN_NARESH_0955,cust_naresh,K. Naresh,23R91A05F3,2026-09-27 02:57:00,Transit,TSRTC Express Bus Pass & Travel,1237.97,UPI_Paytm,0
TXN_NARESH_0956,cust_naresh,K. Naresh,23R91A05F3,2026-09-27 04:14:00,Mess & Meals,College Hostel Mess & Catering Hub,1332.38,UPI_Paytm,0
TXN_NARESH_0957,cust_naresh,K. Naresh,23R91A05F3,2026-09-27 06:27:00,Suspicious Wire,CRYPTO_CASINO_TRX_MALTA,34291.64,UPI_Paytm,1
TXN_NARESH_0958,cust_naresh,K. Naresh,23R91A05F3,2026-09-27 08:06:00,Groceries,Zepto 10-Min Supermarket Supplies,1246.09,UPI_PhonePe,0
TXN_NARESH_0959,cust_naresh,K. Naresh,23R91A05F3,2026-09-27 15:28:00,Healthcare,Apollo Pharmacy & Healthcare Store,2145.93,UPI_Paytm,0
TXN_NARESH_0960,cust_naresh,K. Naresh,23R91A05F3,2026-09-27 20:53:00,Sports & Fitness,Decathlon Sports India Hyderabad,1243.44,UPI_PhonePe,0
TXN_NARESH_0961,cust_naresh,K. Naresh,23R91A05F3,2026-09-27 23:36:00,Mess & Meals,College Hostel Mess & Catering Hub,1229.57,Debit_Card,0
TXN_NARESH_0962,cust_naresh,K. Naresh,23R91A05F3,2026-09-28 02:31:00,Transit,TSRTC Express Bus Pass & Travel,550.3,UPI_Paytm,0
TXN_NARESH_0963,cust_naresh,K. Naresh,23R91A05F3,2026-09-28 05:54:00,Groceries,Zepto 10-Min Supermarket Supplies,1050.89,UPI_PhonePe,0
TXN_NARESH_0964,cust_naresh,K. Naresh,23R91A05F3,2026-09-28 09:51:00,Sports & Fitness,Decathlon Sports India Hyderabad,1411.66,UPI_Paytm,0
TXN_NARESH_0965,cust_naresh,K. Naresh,23R91A05F3,2026-09-28 10:11:00,Mess & Meals,College Hostel Mess & Catering Hub,1211.84,UPI_PhonePe,0
TXN_NARESH_0966,cust_naresh,K. Naresh,23R91A05F3,2026-09-28 11:47:00,Transit,TSRTC Express Bus Pass & Travel,1011.17,UPI_PhonePe,0
TXN_NARESH_0967,cust_naresh,K. Naresh,23R91A05F3,2026-09-29 09:00:00,Sports & Fitness,Decathlon Sports India Hyderabad,673.93,UPI_PhonePe,0
TXN_NARESH_0968,cust_naresh,K. Naresh,23R91A05F3,2026-09-29 12:18:00,Sports & Fitness,Decathlon Sports India Hyderabad,1192.08,UPI_Paytm,0
TXN_NARESH_0969,cust_naresh,K. Naresh,23R91A05F3,2026-09-29 14:38:00,Transit,TSRTC Express Bus Pass & Travel,967.86,UPI_Paytm,0
TXN_NARESH_0970,cust_naresh,K. Naresh,23R91A05F3,2026-09-29 15:17:00,Transit,TSRTC Express Bus Pass & Travel,1925.72,Debit_Card,0
TXN_NARESH_0971,cust_naresh,K. Naresh,23R91A05F3,2026-09-30 01:46:00,Entertainment,Prasad IMAX Hyderabad Multiplex,1838.12,UPI_PhonePe,0
TXN_NARESH_0972,cust_naresh,K. Naresh,23R91A05F3,2026-09-30 05:21:00,Utilities,Jio 5G Annual Fiber & Recharge,988.9,UPI_Paytm,0
TXN_NARESH_0973,cust_naresh,K. Naresh,23R91A05F3,2026-09-30 07:32:00,Groceries,Zepto 10-Min Supermarket Supplies,3735.37,UPI_Paytm,0
TXN_NARESH_0974,cust_naresh,K. Naresh,23R91A05F3,2026-09-30 07:39:00,Utilities,Jio 5G Annual Fiber & Recharge,828.79,UPI_PhonePe,0
TXN_NARESH_0975,cust_naresh,K. Naresh,23R91A05F3,2026-09-30 07:53:00,Groceries,Zepto 10-Min Supermarket Supplies,928.59,UPI_Paytm,0
TXN_NARESH_0976,cust_naresh,K. Naresh,23R91A05F3,2026-09-30 10:55:00,College Activities,College Fest Stage & Sound Supplies,876.45,UPI_PhonePe,0
TXN_NARESH_0977,cust_naresh,K. Naresh,23R91A05F3,2026-09-30 15:27:00,Utilities,Jio 5G Annual Fiber & Recharge,2011.34,UPI_PhonePe,0
TXN_NARESH_0978,cust_naresh,K. Naresh,23R91A05F3,2026-09-30 16:32:00,College Activities,College Fest Stage & Sound Supplies,1147.69,UPI_PhonePe,0
TXN_NARESH_0979,cust_naresh,K. Naresh,23R91A05F3,2026-09-30 16:49:00,Groceries,Zepto 10-Min Supermarket Supplies,1341.11,UPI_Paytm,0
TXN_NARESH_0980,cust_naresh,K. Naresh,23R91A05F3,2026-09-30 17:47:00,Sports & Fitness,Decathlon Sports India Hyderabad,814.48,UPI_PhonePe,0
TXN_NARESH_0981,cust_naresh,K. Naresh,23R91A05F3,2026-09-30 23:07:00,Utilities,Jio 5G Annual Fiber & Recharge,2006.65,UPI_PhonePe,0
TXN_NARESH_0982,cust_naresh,K. Naresh,23R91A05F3,2026-09-30 23:46:00,Entertainment,Prasad IMAX Hyderabad Multiplex,1469.31,UPI_PhonePe,0
TXN_NARESH_0983,cust_naresh,K. Naresh,23R91A05F3,2026-10-01 01:59:00,Utilities,Jio 5G Annual Fiber & Recharge,1548.36,UPI_PhonePe,0
TXN_NARESH_0984,cust_naresh,K. Naresh,23R91A05F3,2026-10-01 08:11:00,College Activities,College Fest Stage & Sound Supplies,1570.42,UPI_PhonePe,0
TXN_NARESH_0985,cust_naresh,K. Naresh,23R91A05F3,2026-10-01 11:51:00,Groceries,Zepto 10-Min Supermarket Supplies,1274.23,UPI_PhonePe,0
TXN_NARESH_0986,cust_naresh,K. Naresh,23R91A05F3,2026-10-01 12:35:00,College Activities,College Fest Stage & Sound Supplies,1340.38,UPI_Paytm,0
TXN_NARESH_0987,cust_naresh,K. Naresh,23R91A05F3,2026-10-01 16:06:00,Groceries,Zepto 10-Min Supermarket Supplies,639.53,UPI_PhonePe,0
TXN_NARESH_0988,cust_naresh,K. Naresh,23R91A05F3,2026-10-01 18:08:00,Suspicious Wire,CRYPTO_CASINO_TRX_MALTA,28363.19,UPI_Paytm,1
TXN_NARESH_0989,cust_naresh,K. Naresh,23R91A05F3,2026-10-01 19:06:00,Mess & Meals,College Hostel Mess & Catering Hub,919.27,UPI_Paytm,0
TXN_NARESH_0990,cust_naresh,K. Naresh,23R91A05F3,2026-10-01 21:28:00,Healthcare,Apollo Pharmacy & Healthcare Store,1108.26,UPI_PhonePe,0
TXN_NARESH_0991,cust_naresh,K. Naresh,23R91A05F3,2026-10-01 22:29:00,Healthcare,Apollo Pharmacy & Healthcare Store,1451.83,UPI_PhonePe,0
TXN_NARESH_0992,cust_naresh,K. Naresh,23R91A05F3,2026-10-02 13:30:00,Healthcare,Apollo Pharmacy & Healthcare Store,1968.59,Debit_Card,0
TXN_NARESH_0993,cust_naresh,K. Naresh,23R91A05F3,2026-10-02 13:44:00,Entertainment,Prasad IMAX Hyderabad Multiplex,1248.19,UPI_PhonePe,0
TXN_NARESH_0994,cust_naresh,K. Naresh,23R91A05F3,2026-10-02 19:00:00,Entertainment,Prasad IMAX Hyderabad Multiplex,1704.11,UPI_PhonePe,0
TXN_NARESH_0995,cust_naresh,K. Naresh,23R91A05F3,2026-10-02 19:46:00,College Activities,College Fest Stage & Sound Supplies,1237.25,UPI_PhonePe,0
TXN_NARESH_0996,cust_naresh,K. Naresh,23R91A05F3,2026-10-02 23:46:00,Mess & Meals,College Hostel Mess & Catering Hub,3221.28,UPI_Paytm,0
TXN_NARESH_0997,cust_naresh,K. Naresh,23R91A05F3,2026-10-03 00:48:00,Mess & Meals,College Hostel Mess & Catering Hub,1325.45,UPI_Paytm,0
TXN_NARESH_0998,cust_naresh,K. Naresh,23R91A05F3,2026-10-03 06:33:00,Transit,TSRTC Express Bus Pass & Travel,1855.26,ATM_Cash,0
TXN_NARESH_0999,cust_naresh,K. Naresh,23R91A05F3,2026-10-03 07:42:00,Transit,TSRTC Express Bus Pass & Travel,2846.34,Debit_Card,0
TXN_NARESH_1000,cust_naresh,K. Naresh,23R91A05F3,2026-10-03 12:17:00,Transit,TSRTC Express Bus Pass & Travel,938.5,UPI_PhonePe,0
